lemma,freq
of,23159162
do,8186412
they,4503650
she,3188078
about,2427703
there,1980173
him,1717209
could,1529795
no,1206112
man,1091176
very,963552
work,854095
call,768117
in,726591
as,662376
help,606887
every,567233
yes,537066
its,511922
off,479459
case,458383
money,437583
today,431562
hold,413837
anything,384508
home,370758
percent,357515
kid,351451
long,345005
service,332313
however,326015
watch,318772
kill,307305
often,295709
news,289175
able,279559
five,270274
buy,260201
door,252623
consider,244644
everyone,241313
process,235304
build,230071
college,224634
heart,216345
air,210307
wrong,206856
security,201542
action,198530
event,194748
model,191448
couple,189272
role,184483
finally,181233
return,176787
road,173413
science,170488
matter,167351
paper,165070
media,162177
look,160145
director,158028
fight,154643
throw,152388
oil,150410
whose,147491
forget,145557
condition,143732
series,140231
bank,138673
blood,137579
response,135942
earth,134202
simple,132004
common,130294
hot,128310
performance,127318
example,125442
agency,123524
serious,122251
identify,120690
worry,119256
treatment,116893
answer,115956
tv,114859
degree,113046
present,111731
design,111026
district,109941
fan,107631
clearly,105965
indicate,105304
particularly,104018
union,102805
employee,101818
hate,100757
camera,99855
nobody,99029
design,97967
public,97031
green,95937
debate,95244
trade,94509
deep,93753
particular,92775
study,92101
popular,91435
maintain,90737
therefore,89981
far,89074
expert,88134
march,87215
okay,86529
down,85515
unit,84518
senate,83931
score,82738
worth,82178
participant,81371
surface,80819
chair,80186
content,79496
run,78645
soldier,78276
future,77663
agreement,76793
league,76178
attend,75448
strike,74378
crisis,73691
encourage,73251
understanding,72651
path,72335
complete,71752
definitely,70982
thousand,70404
jump,69861
possibility,69316
basis,68758
survey,68301
commit,67792
stupid,67597
responsible,67329
learning,66879
variety,66555
currently,66051
intelligence,65687
start,65218
distance,64404
favorite,63804
speed,63502
facility,63117
institute,62451
measure,61601
view,61111
ticket,60721
shape,60252
lead,59773
temperature,59493
wave,59169
bus,58707
egg,58198
average,57985
african,57497
medicine,56814
ah,56374
cash,55856
suit,55200
consequence,54883
reference,54390
tour,54157
train,53865
confirm,53256
supreme,52933
expand,52529
terrible,52179
last,51774
mayor,51481
fucking,51076
secret,50730
solve,50437
beer,50024
theme,49821
useful,49468
chairman,49123
limit,48738
copy,48365
sleep,48020
ocean,47773
organize,47499
cloud,47140
regarding,46854
yours,46632
stress,46396
suppose,46217
commitment,45809
capacity,45515
jury,45342
surgery,45042
pleasure,44800
knock,44485
rare,44243
leaf,43674
long-term,43471
comment,43256
lock,43093
forth,42832
trail,42439
motion,42232
proper,41810
contact,41609
thick,41420
signal,41085
mean,40927
typical,40785
rating,40458
suspect,40173
existing,39974
potential,39779
asset,39563
breathe,39322
literally,39094
disaster,38801
silence,38552
angel,38155
date,37929
whole,37840
fat,37455
whenever,37287
benefit,37025
touch,36766
column,36526
unable,36300
symptom,36021
philosophy,35824
spiritual,35599
round,35407
watch,35203
layer,34911
vice,34652
passenger,34335
emphasize,34190
habit,33933
surely,33758
interview,33551
match,33368
reduction,33167
teaspoon,33027
employment,32957
abandon,32838
trade,32679
black,32406
leading,32280
festival,32159
strongly,31943
doubt,31736
submit,31515
origin,31342
innocent,31192
strike,31051
light,30928
bend,30768
peak,30595
dust,30376
juice,30156
mess,29961
graduate,29793
carbon,29639
toss,29527
navy,29450
desert,29353
pack,29197
clock,29112
wolf,29042
narrative,28928
rep,28848
besides,28711
testing,28626
hmm,28510
rose,28398
nowhere,28292
crucial,28219
constitutional,28065
crop,27946
historic,27799
emphasis,27699
champion,27593
access,27476
react,27322
sheriff,27193
interpret,27068
framework,26926
free,26787
neither,26586
substantial,26521
biological,26435
encounter,26259
preparation,26152
fighter,26014
wisdom,25925
since,25781
tube,25647
creek,25595
fraud,25518
flat,25427
islam,25282
plus,25166
bye,25081
rapidly,24922
asleep,24848
guideline,24752
tournament,24576
risk,24524
beat,24421
observer,24293
loose,24139
specialist,24031
flow,23932
consumption,23864
bake,23686
correct,23582
ooh,23498
horror,23430
bless,23307
preference,23230
cooperation,23135
paint,23029
assignment,22955
blue,22857
latin,22755
privilege,22671
stress,22587
wish,22423
painful,22292
physically,22212
successfully,22130
happiness,22053
explosion,21954
shelf,21854
oven,21721
document,21648
cheat,21523
regulate,21437
bishop,21282
eagle,21220
manufacturing,21096
irish,21004
explode,20874
sandwich,20804
bias,20699
mutual,20623
guitar,20550
particle,20474
leather,20393
dump,20326
homeless,20229
horizon,20141
beast,19956
workshop,19894
touchdown,19832
motivate,19758
ounce,19680
undergo,19593
enforce,19538
adoption,19416
mount,19389
bug,19312
demonstration,19226
lemon,19153
melt,19071
cabin,19019
mess,18949
donation,18869
maximum,18764
oak,18691
marijuana,18607
conspiracy,18508
associate,18443
mount,18361
starter,18292
intensity,18229
essence,18172
ownership,18114
conduct,18031
unexpected,17962
ship,17891
stimulus,17842
correctly,17759
divine,17704
short,17604
devote,17555
endure,17500
lyrics,17443
genuine,17394
rhetoric,17356
jeans,17273
ranch,17219
pitcher,17123
behavioral,17052
bombing,16988
ruling,16930
guard,16876
talented,16822
accessible,16761
doll,16714
program,16652
administer,16592
follower,16508
pump,16418
asshole,16356
tumor,16309
surveillance,16262
insect,16198
structural,16138
greet,16069
parameter,16010
crawl,15944
conscious,15895
processing,15825
affiliation,15784
worry,15739
supervisor,15672
immune,15631
specify,15567
rent,15515
treasure,15484
secure,15420
forty,15352
joke,15321
outfit,15213
fool,15179
hidden,15111
suspicion,15070
seal,15019
reception,14976
drift,14941
backup,14904
execution,14857
relieve,14789
pad,14749
amid,14704
accent,14628
momentum,14567
creativity,14474
reportedly,14446
full-time,14401
subsidy,14371
supposedly,14318
android,14261
ecosystem,14216
sock,14170
tragic,14131
cooperate,14075
gorgeous,14044
freak,14012
instructional,13944
authorize,13916
opt,13862
interfere,13797
racist,13749
marine,13677
sadly,13633
protective,13603
minimal,13549
drill,13524
classify,13459
discount,13415
retailer,13374
chemistry,13323
drown,13296
sail,13257
diary,13233
cruel,13185
o'clock,13146
hormone,13088
mixed,13032
pin,12991
shallow,12943
exchange,12921
loving,12868
defender,12834
eleven,12779
ideological,12746
eternal,12724
uncover,12692
verify,12629
proceedings,12549
soda,12515
happily,12458
ideal,12428
syrian,12405
cord,12388
campaign,12363
junk,12319
sphere,12268
extract,12222
breeze,12205
attendance,12157
petition,12115
reluctant,12077
upgrade,12053
shrink,12008
yield,11970
stunning,11930
hammer,11886
stereotype,11850
light,11827
unnecessary,11789
suitable,11759
vertical,11719
purely,11697
torture,11683
prosecute,11637
low,11611
screen,11581
unto,11541
shareholder,11509
per,11472
blink,11416
spin,11383
completion,11341
elected,11297
variance,11267
refrigerator,11247
greenhouse,11208
widow,11187
correspond,11149
inn,11126
homeowner,11102
reactor,11056
modification,11030
infect,10999
smoking,10959
selected,10929
warehouse,10908
provoke,10860
alert,10826
notable,10792
polite,10757
spine,10725
scar,10693
whatsoever,10650
sweetie,10610
prevail,10593
positively,10579
uphold,10571
paradigm,10529
leak,10490
matrix,10463
reason,10441
supplement,10417
board,10377
affection,10348
endorsement,10310
seeing,10279
harvest,10261
managing,10222
neglect,10199
atheist,10175
spider,10153
fulfil,10129
sovereignty,10074
straighten,10032
summarize,10002
foster,9975
diplomat,9951
experiment,9928
maximize,9899
self-esteem,9858
ink,9833
fog,9800
ribbon,9758
humble,9722
neighboring,9694
outrage,9660
mutter,9629
distinctive,9581
slim,9552
caution,9528
governance,9495
tease,9475
presume,9459
inadequate,9418
unemployed,9396
grind,9374
pledge,9355
surgical,9333
concession,9314
troubled,9290
inject,9254
spray,9228
forge,9193
tilt,9154
ant,9137
registered,9106
endeavor,9083
robe,9046
attachment,9012
physicist,8994
precision,8972
sophomore,8952
part-time,8932
devise,8903
psychiatrist,8873
stroke,8849
prop,8825
fried,8801
warrant,8782
rehearsal,8753
thorough,8730
biologist,8708
boxing,8683
gum,8661
fracture,8644
accidentally,8623
underwear,8612
roar,8594
cube,8555
greed,8534
affiliate,8519
idol,8495
bark,8473
circulate,8453
replicate,8433
toddler,8410
unaware,8381
wildly,8367
applicable,8354
dislike,8336
diner,8309
astronaut,8279
outrageous,8266
strand,8245
pace,8213
asteroid,8179
questionable,8144
straightforward,8110
hilarious,8091
gaming,8075
trajectory,8055
whoo,8032
varying,8016
swiss,7998
tribune,7976
caucus,7947
nickname,7923
beating,7909
linebacker,7885
upgrade,7860
defect,7828
interestingly,7800
salesman,7779
homemade,7761
reviewer,7721
mattress,7696
sorrow,7664
prepared,7650
amen,7636
dial,7617
offset,7589
entail,7569
credential,7550
nineteenth,7532
lethal,7512
selective,7498
evacuate,7482
battlefield,7460
balcony,7449
settler,7423
fertility,7407
dub,7384
critically,7374
hurry,7351
sequel,7322
clip,7312
dear,7288
strap,7271
sperm,7259
endangered,7249
timely,7231
bond,7218
sustained,7197
bailout,7171
pardon,7153
drip,7136
foremost,7120
hazardous,7109
adequately,7097
exert,7075
radical,7044
tackle,7031
altitude,7017
hammer,6986
tier,6964
strategist,6932
mist,6913
reopen,6904
gravel,6889
seventeen,6875
stride,6854
loosen,6844
maturity,6825
draw,6807
hacker,6793
phone,6780
rigorous,6767
dwell,6756
swamp,6725
chant,6699
cuff,6688
exaggerate,6675
oblige,6663
thug,6649
adore,6629
intimidate,6613
re-create,6602
smoothly,6585
unpredictable,6569
extinction,6549
dire,6532
turning,6516
embark,6500
co-founder,6488
lousy,6474
smoker,6458
worthless,6439
recruit,6429
singing,6413
congratulations,6403
clove,6379
tactical,6363
undercover,6352
exploitation,6342
scam,6331
water,6314
ie,6296
jeep,6278
dispose,6262
strangely,6252
fearful,6237
pharmacy,6228
pancake,6213
greedy,6201
prevalent,6186
leisure,6168
surge,6154
blunt,6143
insulin,6128
shepherd,6118
unusually,6109
contamination,6100
mainland,6087
pasture,6071
pastry,6059
condo,6044
inclusive,6034
saddle,6022
internationally,6008
rig,5994
formidable,5975
upward,5954
auburn,5939
governing,5927
interest,5913
harmless,5896
remotely,5876
jelly,5867
recall,5858
peak,5846
prose,5836
unconstitutional,5823
reflective,5817
squash,5808
billboard,5798
shrine,5790
classified,5771
screw,5762
infantry,5747
cardiovascular,5731
saw,5722
bearing,5707
territorial,5691
withstand,5683
sucker,5675
muddy,5663
sewer,5652
coward,5641
bracket,5629
serum,5615
working,5599
ambiguous,5586
prevailing,5573
underneath,5562
pest,5548
demographics,5531
outraged,5520
dive,5507
yogurt,5495
split,5482
ethanol,5469
trans,5459
shower,5443
theologian,5433
perpetrator,5423
pull,5412
interviewer,5404
structure,5387
bowling,5379
bureaucrat,5367
almond,5354
floating,5343
pact,5334
flyer,5326
premier,5314
spike,5305
beetle,5292
convicted,5279
brink,5266
scottish,5251
swim,5240
initial,5229
bakery,5216
prolonged,5207
erode,5197
liable,5190
fry,5178
strait,5169
detainee,5153
cram,5137
redefine,5124
brochure,5113
dependency,5102
shorten,5096
paralyze,5090
acting,5078
binding,5065
irrigation,5052
cruelty,5045
sideways,5034
informative,5020
grenade,5010
refined,5001
ritual,4988
hostess,4982
glowing,4972
furnish,4962
causal,4955
needless,4942
casting,4933
reel,4919
wig,4914
pe,4901
buzz,4887
focal,4880
unhealthy,4874
buffer,4863
mold,4856
answering,4849
cough,4840
statutory,4831
anecdote,4824
specially,4816
shrub,4808
zoom,4801
reconstruct,4785
questioning,4771
cheerful,4762
temp,4752
solicit,4746
agony,4736
intended,4728
prosperous,4720
splash,4708
unsuccessful,4701
lineage,4691
crow,4678
cache,4665
curb,4660
decree,4655
succumb,4645
accessibility,4640
marsh,4637
born,4628
suicidal,4621
unify,4611
fingernail,4606
visualize,4600
nonexistent,4596
novice,4588
fallout,4578
outweigh,4571
tweak,4560
veggie,4551
loft,4543
downward,4537
broccoli,4530
lighter,4522
retaliation,4515
lag,4509
checkpoint,4503
suffice,4493
console,4478
protestant,4472
creed,4461
inflammatory,4454
farewell,4447
sexist,4438
humidity,4432
boiling,4417
present,4407
spill,4394
chrome,4386
linkage,4382
blizzard,4368
pinpoint,4357
fashionable,4350
paperback,4341
brighten,4332
relic,4321
ornament,4309
facet,4301
nervously,4292
graceful,4286
listening,4278
collective,4270
mantra,4263
exceptionally,4256
strangle,4249
his/her,4243
grouping,4236
envy,4224
headlight,4218
methodist,4212
tutor,4208
germ,4204
wonderfully,4199
chalk,4187
geological,4175
fulfillment,4164
yeast,4157
mailbox,4151
protector,4141
slam,4135
apocalypse,4131
shelter,4122
inflate,4114
bosnian,4108
mingle,4099
sexism,4090
plumbing,4084
dent,4078
reread,4069
bulldog,4065
versatile,4054
statistic,4049
relay,4039
preheat,4032
consulate,4018
gypsy,4006
concur,4001
avoidance,3991
tortilla,3980
proficiency,3967
mediocre,3956
hierarchical,3952
tutorial,3945
austerity,3934
experimentation,3925
game,3920
deacon,3916
longing,3906
profile,3896
resilience,3890
stern,3884
gladly,3877
cleanse,3871
logistics,3864
catholicism,3859
evade,3849
enrichment,3843
salty,3834
seep,3824
unauthorized,3817
guided,3813
darken,3804
alternate,3797
vegetarian,3790
rebel,3786
immortal,3781
martini,3774
scientifically,3770
trickle,3764
aroma,3752
one-year,3745
lily,3740
generating,3735
rover,3731
pleasing,3725
dot,3718
grunting,3714
moth,3707
coroner,3704
superior,3699
hand-held,3694
cranberry,3688
original,3681
handout,3673
atm,3664
lutheran,3660
mailing,3652
reaffirm,3649
persuasion,3641
size,3636
rusty,3627
undecided,3617
self-determination,3612
abbey,3605
surreal,3597
micro,3593
ballroom,3586
profess,3579
overt,3572
sacrament,3568
ip,3564
inscription,3556
cove,3552
blur,3546
celestial,3537
paranoia,3531
angrily,3523
curtail,3520
outskirts,3514
nausea,3510
haul,3504
lighthouse,3494
dagger,3482
obstruct,3479
repetitive,3467
commend,3465
rift,3459
platoon,3453
retrospective,3444
hanging,3440
dissatisfaction,3434
horde,3425
devoid,3414
brave,3408
front-runner,3403
debacle,3399
sect,3393
scrap,3388
spoiler,3384
thrilling,3378
restart,3373
leash,3369
deserving,3363
lifting,3357
crescent,3352
peek,3347
neutron,3341
computational,3336
shampoo,3333
amidst,3327
forgotten,3323
putt,3319
coronary,3315
equitable,3311
voltage,3305
abduct,3301
homestead,3297
ultrasound,3292
colonist,3286
conveniently,3283
powerhouse,3282
paddle,3277
cloud,3273
relegate,3268
reappear,3264
messaging,3257
incarceration,3251
classy,3246
computerized,3239
journalistic,3232
fancy,3227
soprano,3223
tanker,3217
at-risk,3210
swoop,3206
horrifying,3200
hassle,3196
humiliating,3190
excavation,3186
pollen,3181
flashback,3176
adultery,3172
punt,3168
resurrect,3162
vent,3157
comparatively,3153
worthy,3148
spiral,3142
fitting,3138
aha,3133
generalize,3129
ascribe,3124
vividly,3120
boom,3115
grope,3108
coexist,3104
braid,3099
thriving,3096
solidify,3092
usable,3090
permeate,3084
spoken,3079
falter,3076
replication,3069
torn,3063
flinch,3060
puff,3054
anarchy,3050
entree,3045
avatar,3042
populace,3035
manageable,3029
penguin,3024
respectfully,3016
skate,3012
account,3010
thump,3006
bubble,3003
bandwidth,2998
temper,2995
flipping,2991
relativity,2988
spreading,2985
craftsman,2982
wiring,2975
peel,2971
improbable,2966
relational,2961
ivy,2957
opposite,2953
assimilation,2949
ex-husband,2945
binder,2942
jagged,2938
scold,2935
remedial,2929
chain,2925
connector,2918
bulky,2912
brokerage,2908
nourish,2904
mashed,2898
three-day,2894
superstition,2889
accelerated,2883
rbi,2879
manufacture,2875
hepatitis,2872
westerner,2865
aggregate,2862
hallucination,2856
kettle,2849
festivity,2844
simulated,2840
hmo,2835
accelerator,2830
acquit,2828
inconvenient,2825
depletion,2820
diffusion,2819
old,2815
penalize,2811
re-establish,2807
tame,2805
mend,2800
torrent,2797
flora,2791
reverence,2789
mistakenly,2787
amazement,2782
ketchup,2776
vigilant,2773
ultra,2770
umpire,2767
gossip,2764
markedly,2760
linked,2758
paraphrase,2754
grand,2750
bony,2747
professionalism,2743
refinement,2736
excess,2731
vial,2727
dock,2721
disapproval,2718
wreak,2715
wanted,2712
authorized,2708
brute,2704
blurt,2699
uniformed,2694
etiquette,2689
downfall,2687
afterlife,2683
mute,2680
squirm,2673
seminal,2672
anti-semitic,2670
seismic,2664
foreseeable,2660
flop,2656
issuer,2654
chute,2651
mayonnaise,2648
default,2644
mod,2639
hegemony,2635
reconnect,2632
kudos,2628
formative,2622
pool,2620
hopelessly,2616
dissent,2613
bazaar,2608
veterinarian,2604
one-half,2598
torment,2595
eighties,2592
senseless,2588
anal,2581
biomedical,2576
paying,2573
duel,2569
maxim,2565
czar,2561
extinguish,2558
humid,2551
shed,2549
mare,2545
calamity,2542
replay,2537
bulge,2534
prehistoric,2531
rediscover,2528
ahem,2525
fantasize,2521
even,2517
typing,2513
encryption,2508
hangover,2505
familial,2503
conglomerate,2499
time-consuming,2494
allusion,2490
washer,2486
detachment,2481
refinance,2478
conceptualize,2470
gobble,2466
steep,2461
blink,2455
blush,2452
conformity,2449
sneeze,2447
rearview,2446
digging,2443
routine,2440
weaponry,2435
grassy,2432
unreal,2428
stuffing,2425
powerfully,2422
labour,2420
archival,2418
policing,2413
swamp,2409
dew,2405
jolt,2401
euro,2398
managed,2395
expulsion,2391
contracting,2387
aperture,2382
transplant,2377
craving,2374
wacky,2372
understatement,2368
dampen,2363
despicable,2360
after-school,2355
apocalyptic,2351
antics,2349
gulp,2346
ambush,2341
style,2338
pediatrics,2333
alike,2329
first-class,2325
showtime,2321
transpire,2317
preserve,2312
flaming,2307
barricade,2305
damned,2302
cutting-edge,2299
mash,2296
sprig,2291
concise,2287
squeak,2283
gator,2281
toss,2278
arch,2276
forward,2273
bittersweet,2268
grimace,2265
welsh,2262
driving,2261
plaster,2259
reorganize,2256
hard-core,2252
arid,2250
painkiller,2246
voodoo,2242
metaphorical,2238
crotch,2235
dwarf,2232
supremacist,2228
scrape,2224
hedge,2221
smirk,2218
bosom,2214
overtly,2212
sub-saharan,2209
sporadic,2206
cd-rom,2203
silky,2200
ayatollah,2198
peg,2196
marshal,2194
emigrate,2191
stratum,2188
creatively,2184
vocals,2181
overestimate,2179
wag,2177
sigma,2174
substitute,2168
slit,2165
marginally,2162
spoon,2158
retrieval,2154
pastime,2152
schoolteacher,2148
bumpy,2145
sputter,2142
snowball,2139
conjecture,2135
limp,2132
ailing,2131
small-scale,2127
blossom,2125
traveller,2123
wannabe,2120
highness,2115
ruby,2113
trim,2111
hectic,2108
liking,2105
bruised,2099
puke,2097
droplet,2093
swerve,2088
seated,2085
suitor,2083
break-in,2080
categorical,2078
acutely,2075
subdue,2070
unwind,2067
diagonal,2065
subdued,2063
increment,2060
covet,2057
amplitude,2053
scoot,2049
slit,2046
wholeheartedly,2043
regularity,2039
tuxedo,2036
kale,2033
vat,2030
fender,2028
unmanned,2027
prey,2024
epoch,2022
zoom,2021
locomotive,2019
high-ranking,2017
muffled,2015
javascript,2012
armpit,2009
holster,2007
full-blown,2005
airtight,2003
solemnly,2000
tortoise,1999
calibrate,1996
tau,1994
inverted,1991
fiduciary,1990
prosthetic,1986
pronoun,1983
smuggling,1980
catchy,1977
karate,1975
refrain,1970
sling,1968
behind-the-scenes,1965
environs,1961
effortlessly,1959
hoard,1956
enigmatic,1955
nascent,1951
windfall,1949
intolerable,1947
inward,1945
ashtray,1941
alaskan,1939
repress,1936
overload,1935
regroup,1932
implore,1928
latch,1925
extra,1924
exertion,1923
dependable,1920
inundate,1916
panorama,1914
twenty-eight,1912
juvenile,1909
chime,1906
smelly,1904
marxism,1902
propeller,1897
darling,1895
pretzel,1893
wide-ranging,1891
sheen,1888
impasse,1885
howdy,1880
rectify,1877
rustle,1875
horizontally,1872
seaman,1868
misplace,1864
failing,1862
probing,1859
workstation,1855
changer,1851
respite,1847
solar,1845
gaffe,1843
aggravated,1841
swimsuit,1840
prize,1837
corny,1834
icing,1831
seduction,1829
unqualified,1825
traumatize,1823
dimensional,1820
armenian,1819
foreclose,1816
arduous,1814
stardom,1812
postage,1810
unparalleled,1807
aerosol,1805
reciprocity,1801
unspeakable,1799
skid,1796
undisclosed,1793
silvery,1791
fiancee,1788
faggot,1787
mayoral,1785
gauntlet,1784
foolishness,1781
primordial,1779
attracting,1776
flaunt,1774
maiden,1772
tot,1769
redhead,1766
ditto,1764
allot,1762
distributed,1760
stout,1758
drape,1755
madly,1754
repressed,1752
meet,1751
vocalist,1748
propriety,1745
genomic,1743
cultivar,1742
gran,1741
morphology,1738
entrant,1737
graft,1735
slimy,1734
cleverly,1732
burr,1730
whine,1726
venezuelan,1723
self-described,1722
peep,1719
tabletop,1716
heron,1713
excluding,1711
dizzying,1709
paved,1707
heartache,1705
woven,1703
fresco,1701
yugoslav,1698
avail,1696
nectar,1693
clamp,1691
heartless,1688
posh,1686
favourite,1683
septic,1682
disoriented,1679
helplessly,1676
hectare,1673
philippine,1671
hooded,1669
keep,1667
infuriate,1666
handlebar,1664
modular,1661
frosty,1659
nimble,1657
poop,1654
clatter,1653
undeniably,1651
uninterrupted,1649
somatic,1647
fiberglass,1644
cosmopolitan,1642
margarita,1640
biting,1639
warring,1637
gripping,1635
tweak,1633
whatnot,1630
dislodge,1628
elegantly,1625
overcrowded,1624
amends,1622
kangaroo,1621
inherited,1618
heartbroken,1617
steamer,1616
first-person,1614
waxed,1612
symbolically,1609
overthrow,1606
tic,1604
shudder,1602
deletion,1601
sanitary,1598
sassy,1596
pepper,1595
launching,1594
marinade,1591
outpouring,1590
kilo,1588
appropriateness,1585
offensively,1584
rem,1581
encapsulate,1579
state-run,1577
wastewater,1575
stagger,1573
easel,1571
pocket,1569
physique,1567
bigoted,1565
muffle,1563
off-limits,1562
blight,1561
scavenger,1559
winnings,1558
adhd,1556
outrun,1555
misrepresentation,1553
sobriety,1550
presumed,1549
sire,1547
bubbly,1545
lifeboat,1543
behead,1542
structurally,1540
breezy,1539
alderman,1537
vestige,1535
bushel,1532
urinate,1529
ember,1528
inverse,1526
nothingness,1525
spherical,1524
cashmere,1522
interchange,1519
noble,1517
hamster,1515
screaming,1513
course,1512
identified,1510
leech,1508
psychoanalysis,1507
quran,1504
aloof,1502
wimp,1500
ramadan,1499
slaughterhouse,1496
retardation,1495
pungent,1493
severance,1492
crevice,1490
hookup,1489
instinctive,1488
jumpsuit,1486
turd,1485
milk,1483
discreetly,1481
petitioner,1479
observant,1477
tram,1476
fecal,1474
separatist,1472
synonym,1471
drunk,1469
concluding,1467
craziness,1466
gluten-free,1465
whisky,1462
secrete,1461
extradition,1459
jukebox,1458
applicability,1456
freelancer,1455
enlarged,1453
issuing,1451
touchy,1449
spoke,1447
patently,1445
machete,1444
vest,1442
caviar,1441
flunk,1438
categorization,1436
lexicon,1434
cheetah,1433
draconian,1432
brine,1431
scathing,1430
crossword,1428
spoils,1427
charter,1425
inconsequential,1423
camouflage,1421
peppermint,1420
millennial,1418
blown,1416
assist,1415
epitome,1413
second,1412
lien,1411
douche,1409
possession,1408
ahold,1407
tax-free,1405
discouraging,1404
enlargement,1401
jaded,1398
dopamine,1398
harmonic,1396
husk,1395
conqueror,1394
intricacy,1392
banter,1390
empathetic,1388
florist,1386
fleeing,1385
ode,1384
navel,1382
freshness,1380
northward,1379
mail-order,1377
counterintuitive,1375
carnivore,1373
extramarital,1372
throbbing,1371
fabled,1369
denier,1368
cinder,1366
sensing,1364
nullify,1362
downhill,1361
filipino,1358
sled,1356
ration,1354
sacrificial,1352
insecticide,1350
acquired,1349
self-righteous,1347
boundless,1345
molester,1344
inextricably,1343
spate,1340
windowsill,1339
concomitant,1337
seatbelt,1335
captivating,1333
penicillin,1331
rebuke,1329
encroach,1327
strident,1326
suede,1325
infra,1323
wandering,1321
sundown,1320
tortured,1318
noodle,1316
recap,1314
undersecretary,1312
puny,1311
cutting,1309
syphilis,1309
laurel,1307
one-fifth,1305
accordion,1303
convection,1301
inanimate,1300
degeneration,1299
fanatical,1298
forty-two,1296
heartily,1295
archipelago,1293
ouster,1291
tryout,1290
downstairs,1289
restrained,1286
english-language,1285
stipulation,1283
alarmist,1281
hoe,1279
affirmative,1278
idealized,1276
sawdust,1274
elated,1273
graphically,1271
golfing,1270
destitute,1269
spotless,1268
poly,1266
diagnostics,1265
barter,1263
astonishingly,1261
poacher,1260
cambodian,1259
inflection,1257
pretend,1255
mystic,1253
expressway,1252
carcinogen,1251
trailhead,1250
newsstand,1247
embroidered,1246
wrest,1245
microscopy,1244
landscape,1242
diminutive,1241
commie,1240
well-documented,1239
rec,1237
squatter,1236
indeterminate,1235
widower,1232
wiper,1231
snare,1229
manhunt,1227
submissive,1225
midseason,1224
unmet,1222
queasy,1221
adopter,1219
rail,1218
supercomputer,1216
hatchet,1215
coy,1214
shipwreck,1212
thought-provoking,1210
intoxication,1209
stocky,1207
parkland,1205
womanhood,1204
dab,1203
etiology,1202
biotech,1200
stoic,1199
begging,1198
thirty-seven,1197
cluttered,1195
deformation,1193
commensurate,1192
starlight,1190
convertible,1188
annual,1187
resale,1185
flounder,1184
asymmetrical,1182
nativity,1181
incinerator,1180
quarterfinal,1178
devaluation,1177
embankment,1176
jiggle,1174
pentecostal,1174
chickpea,1173
echelon,1172
gusto,1170
anemic,1169
shuffle,1168
juggernaut,1166
detonation,1165
gallant,1165
inca,1163
contagion,1161
cross-section,1160
nonviolence,1159
mandated,1157
vestibule,1155
trifle,1154
sneak,1153
gated,1152
weakened,1149
rump,1148
concourse,1147
interlude,1145
refurbish,1144
righty,1143
jurist,1141
mol,1139
exclusivity,1138
clergyman,1137
croak,1135
thoroughfare,1133
labeling,1132
lollipop,1132
coder,1130
sorcery,1129
constrict,1128
handsomely,1127
dreaming,1126
lingo,1125
talon,1123
direct,1122
ferocity,1120
choppy,1118
stagnate,1117
skewed,1116
mohawk,1114
promiscuous,1113
reflected,1112
numbered,1111
coolness,1110
vengeful,1109
return,1108
swag,1107
subordination,1105
materialistic,1104
passivity,1103
vegetative,1102
inactivity,1101
adamantly,1099
femur,1099
lichen,1097
roofing,1096
agonize,1095
indoctrinate,1094
cobble,1092
grimace,1091
idolize,1090
expedite,1089
anathema,1088
patented,1087
bemused,1086
co-pilot,1085
radio,1084
doomsday,1083
lawfully,1082
discontinuity,1080
catalytic,1079
providence,1078
regrettably,1078
negation,1076
enforced,1075
dyslexia,1074
pulley,1073
situ,1072
schoolboy,1070
aphid,1069
abatement,1068
popularly,1067
regrettable,1065
refill,1063
dank,1062
shyly,1061
machination,1060
forge,1059
combine,1058
lewd,1057
stew,1056
down-to-earth,1055
lazily,1054
preconception,1053
truckload,1051
remittance,1050
hotshot,1049
seclusion,1048
eraser,1047
left-hander,1046
procreation,1045
set,1043
readout,1042
druid,1041
technologist,1040
scone,1039
unexplored,1037
unitary,1036
interconnected,1035
wearable,1034
octave,1033
hotbed,1031
anorexia,1030
sweatshop,1029
rote,1028
movable,1027
resettle,1026
benevolence,1025
output,1023
fluff,1022
cobbler,1021
jurisdictional,1020
tinnitus,1019
probate,1017
worshipper,1016
roadmap,1016
forebear,1015
questioner,1013
chalkboard,1012
mackerel,1011
chopsticks,1010
nosy,1009
unchanging,1008
spruce,1007
phenotypic,1005
hassle,1004
tightening,1002
eye-opening,1001
prescient,1000
whir,999
manipulator,998
bay,997
parlance,995
decadence,994
bloodline,993
putty,993
far-right,991
ripper,989
cuss,989
vetting,988
unrecognized,986
reinvigorate,985
slur,984
motherboard,983
whirl,982
presumptuous,981
gutsy,980
exasperated,979
talkative,978
stilt,977
fanboy,976
valuables,974
rudder,973
name-calling,972
vulgarity,971
anvil,970
unmistakably,969
bawl,968
eddy,968
jinx,967
beater,966
scent,965
docile,964
mating,963
drapery,962
endgame,961
pursuer,960
sarcastically,959
nurture,957
beefy,957
halibut,954
board,954
inordinate,953
cul-de-sac,952
taxonomic,951
scorecard,950
permissive,949
thaw,949
ominously,948
fluidity,946
nose,945
meditative,944
permutation,943
infarction,942
venison,941
dole,940
contraband,939
wispy,938
directed,938
herder,936
heartwarming,935
edited,934
equinox,933
heiress,932
minutia,931
mannerism,931
retort,930
opus,929
behavioural,928
maths,927
mirrored,926
foreword,925
headless,924
scrunch,923
year-end,922
sepsis,921
bailiff,920
dishonor,919
blanch,918
steadfastly,918
smoothie,917
showy,916
paragon,916
hesitantly,914
contrived,914
test-retest,913
paratrooper,911
chairperson,910
priestly,909
overcast,908
kuwaiti,907
lunatic,905
arbor,904
milling,903
wick,902
decapitate,901
sweating,900
bloodthirsty,899
wild-card,899
scrappy,898
electrolyte,897
off-site,896
artifice,895
possessive,894
volition,893
mishandle,892
hibernation,891
self-consciously,890
premiere,889
stent,888
schizophrenic,887
hummer,886
rifle,885
treatable,884
pinky,883
mainline,883
bolivian,882
circumscribe,881
halter,880
subspecies,879
wrack,878
overeat,878
incinerate,876
abdicate,876
tingle,875
galvanized,874
checked,873
offset,873
regionally,872
industrious,871
steady,870
rat,869
urinal,868
well-off,867
dribble,866
homogenous,865
subsurface,864
bearable,864
peculiarly,863
naivete,861
doer,861
guardianship,860
self-driving,859
exhilaration,859
stoppage,858
two-lane,858
ferret,857
singer-songwriter,856
drifter,854
imprecise,853
phonics,852
shill,852
disapproving,851
tiled,849
exploitative,849
wrangling,848
diplomatically,847
materiality,846
amply,845
dais,844
headlong,844
alarmingly,843
overreach,842
rad,842
occasion,840
reprise,839
sagging,838
muscle,838
fibrous,837
judo,836
surmount,835
expedient,834
peeve,833
heads-up,832
honoree,831
donated,831
endocrine,830
sleeveless,829
bevy,828
self-published,827
offset,827
epistemic,826
groggy,826
round-trip,825
relativistic,824
swordfish,823
savagely,822
impinge,821
schizophrenic,820
side-effect,819
currant,818
stitching,817
cake,817
glib,816
keypad,815
extra-terrestrial,815
unscrew,814
loco,813
genial,812
spotter,811
earthworm,811
distillery,810
techie,810
iffy,809
crosshair,809
unambiguously,808
competitively,807
parlay,806
airstrip,805
scuff,805
mammography,804
handyman,803
misinterpretation,802
aegis,802
onsite,801
touchscreen,800
elbow,799
disillusioned,798
kitty,797
stylus,796
jailhouse,796
oscillate,795
trawler,794
renown,793
uninteresting,792
chaste,791
realign,790
upriver,789
mete,789
corkscrew,788
flesh,787
rockfish,786
uncharacteristic,785
stumble,784
sioux,783
brotherly,783
walkie-talkie,782
drooping,781
innards,780
airship,780
unsung,779
pro-democracy,779
soreness,778
cornbread,777
disenchanted,777
frickin,776
smock,775
iterative,774
constructed,773
stealthy,772
cutthroat,771
hydro,770
teasing,769
ooo,769
bigfoot,768
free-fall,767
dentistry,767
haunch,766
heterosexual,765
cervix,765
routing,764
interacting,763
yuppie,762
chaperone,761
nation-building,760
non-muslim,759
riverboat,758
floodgate,757
milkshake,757
templar,756
faze,755
avoidable,754
vanished,754
anti-muslim,753
mistrust,752
pathogenesis,751
florentine,750
primeval,749
verge,748
magisterium,747
fallback,746
reissue,745
marching,745
stratified,744
swoop,743
confirmatory,743
frontman,741
douchebag,741
lumen,740
unitarian,739
cursive,738
gloriously,738
erasure,737
in-flight,736
have-not,735
deceased,735
thyself,734
copier,733
piazza,732
huff,731
proselytize,731
adulation,730
therapeutics,729
scalable,729
precipitously,728
encephalitis,728
long-suffering,727
reconvene,726
redefinition,726
hummus,725
scammer,725
hodgepodge,724
recklessness,723
whimsy,722
irrevocable,721
femoral,721
forty-nine,720
jaunty,719
javelin,718
viscous,717
aloe,716
producing,715
fortuitous,714
propellant,713
strategize,712
myrtle,712
linguistically,711
expressionless,710
glitzy,710
ironclad,709
spectre,708
fold,707
oh-oh,707
buoyancy,706
annualized,706
underappreciated,705
fertilized,705
leer,704
gleeful,703
counterweight,703
unusable,702
armory,702
guerilla,701
once-in-a-lifetime,700
chad,700
re-evaluation,699
vehement,698
interloper,697
workaholic,696
vicariously,695
boatload,694
relearn,694
bundled,693
sketchbook,692
jailer,691
revived,690
loathsome,689
preen,689
cursed,688
big-time,687
vixen,687
diorama,686
fragmentary,686
foible,685
storehouse,684
freed,683
imitator,683
fifty-one,682
two-party,682
worse,681
deciduous,681
one-eyed,680
adornment,679
congestive,678
shunt,677
dengue,676
beaming,675
denominational,675
constructively,674
grovel,673
paternalistic,673
attorney-client,672
resound,671
deb,670
listless,670
in-home,669
corporatist,668
thrall,667
dipping,667
court-appointed,666
norse,666
radicalization,665
creaky,665
rhododendron,664
magnificence,663
spigot,663
concubine,663
lipids,662
second-quarter,661
straggler,661
harvester,660
wintertime,659
crawling,659
squalid,658
mallard,657
reactivity,657
hombre,656
methyl,655
polyurethane,655
compartmentalize,654
hooligan,653
sixteen-year-old,653
obstructionist,652
imagining,652
volunteerism,651
pantsuit,651
automaton,650
sedition,649
aberrant,649
philosophic,649
back,648
tarot,647
plump,647
rabble,646
alto,645
nepotism,645
predominance,644
hang-up,643
politburo,643
recluse,642
servicing,641
indigo,641
peripheral,641
isolating,640
dollhouse,639
mennonite,638
homebuyer,638
regalia,637
obviate,637
tightening,635
recombinant,635
salutary,634
unadorned,633
exorcize,633
egalitarianism,632
weedy,631
skateboard,631
biotic,630
up-front,629
inconspicuous,629
croquet,628
spineless,628
demur,627
supervised,626
beach,625
dino,624
uninitiated,624
stochastic,623
declassify,623
restock,622
flush,622
fruitcake,621
conductive,621
prostrate,620
topographic,619
rectum,619
equivocal,618
republicanism,618
applesauce,617
rapid-fire,617
mechanized,616
vise,616
lunchroom,615
smallish,614
unlit,614
plumage,613
chuck,612
second-rate,612
gall,611
psoriasis,611
discard,610
uninspired,609
mullet,609
scaly,608
flabby,607
lusty,607
prepackaged,606
spiced,606
catchphrase,605
paper,605
adrenal,604
veg,603
confounding,603
anti-drug,602
hither,601
athenian,601
cacao,601
thatched,600
publically,599
orchestration,599
psychic,598
laryngeal,598
synth,597
court-ordered,597
forgetfulness,596
redevelop,595
carpeted,595
glittery,594
vagabond,593
deceleration,593
policyholder,592
supercharged,592
whoosh,591
nesting,590
elect,590
walk-on,589
damp,589
psychoanalyst,588
unflinching,588
incapacity,587
curatorial,587
punchline,586
ionize,585
algorithmic,585
resplendent,585
subcutaneous,584
humorist,583
summons,583
codex,582
spot-on,582
kelvin,581
customizable,581
crimp,580
stampede,580
unbelief,580
colander,579
forgetful,578
adios,577
repeatable,577
now-defunct,577
gasket,576
change-up,575
bogeyman,575
ex-president,574
throaty,574
cathode,573
ecuadorian,573
sauerkraut,572
instinctual,572
tedium,571
fifty-eight,571
orthogonal,571
boomerang,570
spoof,570
encyclopedic,569
ritualistic,569
kisser,568
infallibility,567
bull's-eye,567
scrubber,566
homeschooling,566
keel,565
small,565
plunger,564
intoxicated,563
debutante,563
pleistocene,562
reprise,562
grounder,561
breathing,560
monger,560
woodcut,559
mid-range,559
sea-level,558
tailor-made,558
tagline,557
proletarian,557
chic,556
up-and-down,556
mockingbird,556
go-ahead,555
complementarity,555
untoward,554
annum,554
handpick,553
conformation,553
hungover,552
marinara,552
vesicle,551
snarling,551
ousted,550
jowl,550
speciation,549
ranting,549
paging,548
bespectacled,548
hasidic,547
floret,547
facial,546
tapping,546
thankless,545
brownish,545
decaf,544
sunbathe,544
annulment,544
wickedly,543
falsetto,543
hemispheric,542
god-awful,541
huntsman,541
entreaty,540
unceremoniously,540
catchment,540
whipping,539
sceptic,539
intangibles,538
low-carb,538
toner,537
prickle,537
unreleased,536
abductor,535
overstatement,535
common-law,534
immovable,534
actin,533
ordinal,533
depreciate,532
jaw-dropping,532
biologic,531
transference,531
pacific,530
barking,530
nameplate,529
cow,529
snore,528
gross,527
site-specific,527
carpool,527
ecotourism,526
impactful,526
icebreaker,525
demotion,525
dreadlock,524
selfishly,524
swathe,523
parentage,522
metacognitive,522
gunnery,521
disenfranchisement,521
epithelium,520
tripartite,520
well-equipped,519
stylistically,519
thoughtfulness,518
waterworks,517
diluted,517
nuptials,516
wide-angle,516
remorseful,515
quintessentially,515
pre-nup,515
outboard,514
instigator,514
hunger,513
slippage,513
misidentify,512
posterior,512
underhanded,512
free-wheeling,511
silencing,511
brawny,511
whosoever,510
redeploy,509
hairstylist,509
extrovert,509
earthenware,508
therefor,508
infirm,507
slack,507
sacrilege,506
nor'easter,506
splendidly,505
acrobatic,505
pneumococcal,505
breakage,504
streetlamp,504
transact,504
wend,503
positivism,503
runt,503
slag,502
stencil,502
undies,501
coiled,501
baseboard,500
empowered,500
honeycomb,499
burqa,498
all-consuming,498
fore,498
hyperspace,497
soldier,497
deferment,496
balloting,496
impetuous,495
well-stocked,495
shucks,495
deservedly,494
whereof,494
gelato,493
explication,493
neo-nazi,492
race-based,492
trestle,492
washroom,491
optimistically,491
space-based,490
embolism,489
fatalistic,489
overextend,488
biomechanics,488
valiantly,488
machismo,487
oxford,487
oblong,486
barroom,486
timepiece,486
electable,486
timidity,485
covenant,485
dervish,484
first-timer,483
schmooze,483
dimpled,482
upholster,482
flavonoid,481
low-hanging,481
painterly,480
ionic,480
squamous,479
tanning,479
satirist,478
icebox,478
meatless,477
caliper,477
rottweiler,476
internationalization,476
gung-ho,475
resurrected,475
prenuptial,474
adding,474
inclement,474
unvarnished,473
chlamydia,473
cytoplasm,472
has-been,472
four-wheel-drive,472
hutch,471
simpleton,471
excitable,471
mugging,470
top-selling,470
half-heartedly,469
cosmonaut,469
peaceable,468
unbounded,468
iberian,467
macular,467
crag,466
lactic,466
thoroughness,465
maxillary,465
fibromyalgia,465
cupped,464
ventriloquist,464
speciality,463
aluminium,463
ever-more,462
quake,462
stealthily,462
untraceable,461
boreal,461
deuterium,461
laying,460
frizzy,459
marmalade,459
prudently,459
fearfully,458
sixty-six,458
self-addressed,458
wingman,457
ebullient,457
curriculum-based,456
invented,456
hydraulics,455
fast,455
part-timer,454
bilge,454
tonsillectomy,454
barred,453
candied,452
pyre,452
transceiver,452
make-believe,451
falsity,451
carapace,450
igloo,450
self-examination,449
chromatic,449
privation,448
artsy,448
warfarin,448
rehabilitative,447
paraffin,447
profiler,446
put,446
kevlar,446
thimble,445
deep-rooted,444
lithium-ion,444
inter,443
broad-shouldered,443
rank,442
skittle,442
twenty-first-century,442
go-between,441
conceited,441
near-perfect,440
semi-finalist,440
videographer,439
decriminalize,439
sandstorm,438
hard-on,438
remarriage,437
busty,437
perdition,436
glorification,436
sport-utility,435
anti-christian,435
co-produce,435
cobbled,434
nonrenewable,434
floe,434
biblically,433
crib,433
smut,432
shiner,432
spittle,432
injectable,431
counter,431
sealant,430
agar,430
third-down,430
reportage,429
gutted,429
ridgeline,429
feather,428
retardant,428
jugular,428
fly,427
chattering,427
domestic,427
pirated,426
aftershave,426
spaceport,426
self-care,425
anti-science,425
declination,425
motorboat,424
tailpipe,424
telenovela,423
carotene,423
desiccated,422
bandstand,422
intransigent,422
endocrinologist,422
girlhood,421
dimer,421
ripening,420
half-day,420
lisp,419
lovebird,419
bulgarian,418
mythos,418
season-ticket,418
telepath,417
architecturally,417
epidural,417
downwind,416
unwillingly,416
imprimatur,416
textural,415
phosphorous,415
preferentially,415
phlegm,414
sidearm,414
stinker,414
vocalize,413
anti-jewish,413
discounting,413
zimbabwean,412
teleconference,412
frolic,411
locking,411
riotous,411
damping,410
chattel,410
well-crafted,410
spiraling,409
universal,409
buckwheat,409
sub,409
saguaro,408
warmer,408
leaderboard,407
hydrothermal,407
pectoral,407
pragmatically,406
all-you-can-eat,406
four-inch,405
harangue,405
reversion,405
misspelling,404
bespeak,404
gravesite,404
worrier,403
convocation,403
abrahamic,402
insulator,402
whig,401
sallow,401
play-by-play,400
rabbinical,400
fused,400
loaf,399
polypropylene,399
doctor-patient,398
angiogenesis,398
stingray,397
wild-card,397
massed,397
midlevel,396
monounsaturated,396
unionize,395
madrigal,395
printable,395
rotted,394
odometer,394
moonless,394
imprudent,394
sepia,393
arrear,393
sarin,393
colonial,392
meat-packing,392
stolid,392
valkyrie,391
phishing,391
smugness,390
blocky,390
jawbone,390
stoically,389
immobility,389
aversive,389
coot,389
delaying,388
labored,388
free-floating,388
refinish,387
mammary,387
doublet,387
microcomputer,386
litigious,386
hermeneutical,385
neuromuscular,385
extrajudicial,385
pancreatitis,384
uncork,384
incorrigible,384
high-octane,383
third-grader,383
roadhouse,383
eccentric,382
oreo,382
thunk,382
surreptitious,382
lead-up,381
bud,381
out-of-the-way,380
bandmate,380
synthesized,379
vac,379
one-term,379
daresay,378
paper-thin,378
householder,378
impulsivity,378
knickknacks,377
giblet,377
closed-circuit,377
daguerreotype,376
diviner,376
mufti,376
garden-variety,376
illusionist,375
occipital,375
pro-western,375
breaststroke,374
muff,374
reinforcing,374
jiffy,373
cascading,373
disheartening,373
co-pay,372
seventy-one,372
securitization,371
immunotherapy,371
bookend,371
dispossess,370
acupuncturist,370
standard-bearer,370
time-tested,369
ricochet,369
cuss,368
phallus,368
balustrade,368
undistinguished,368
electrochemical,368
tiling,367
downbeat,367
preserving,367
ringtone,366
awestruck,366
self-explanatory,366
reinsurance,365
biophysical,365
circulating,365
scavenging,364
maximization,364
industrials,364
topmost,363
meow,363
dimmer,363
explosively,362
hooch,362
southerly,362
thin-skinned,361
signee,361
stovetop,361
primrose,360
nightingale,360
avarice,360
swami,360
half-million,359
yucky,359
rebrand,359
prowler,358
ninth-grade,358
hydrology,358
sterling,358
jovian,357
unfasten,357
dalmatian,357
bluefin,356
hyperplasia,356
tingling,356
t-bone,355
thieving,355
careen,355
decider,355
off-label,354
gouge,354
remote-controlled,354
unlatch,353
novelistic,353
deviant,353
chromatography,352
unveiling,352
tumbleweed,351
telecast,351
beta-carotene,351
enthralling,351
detestable,350
cordially,350
amyloid,350
unheard-of,350
state-controlled,350
voyeuristic,349
roundness,349
propitious,348
doubled,348
mortification,348
sunburned,348
touched,348
tech-savvy,347
nearness,347
dented,347
bottler,346
advisement,346
fret,346
incomprehension,345
jet-black,345
one-month,345
fatigued,344
chickadee,344
materiel,344
telemedicine,344
semicircular,343
irreversibly,343
burn-in,343
scatter,342
coinage,342
barracuda,342
flywheel,342
warcraft,341
canton,341
febrile,341
cakewalk,340
anti-trust,340
informatics,340
wishy-washy,340
troop,339
astoundingly,339
co-sponsor,339
deprecate,338
contrail,338
alpaca,338
indolent,338
seatpost,337
undecided,337
nonresponse,337
sociality,337
prefab,336
achy,336
electability,335
ignominious,335
shrimper,335
pestle,335
post-revolutionary,334
needlework,334
beanbag,334
uninvolved,334
workaday,334
unheeded,333
arranger,333
recognizably,333
dissemble,332
laminate,332
turnabout,332
hydroxide,331
colorfully,331
devastatingly,331
snowmelt,330
pissy,330
hush-hush,330
reduced-price,329
suss,329
luau,329
overcast,329
deuce,329
codeine,328
male/female,328
squashed,328
inexpensively,327
uncontroversial,327
dpi,327
popping,326
samoan,326
get-out-the-vote,326
self-regulated,326
transboundary,325
seventy-nine,325
bandleader,325
capo,325
smidgen,325
boorish,324
marginality,324
inter-relate,324
high-capacity,324
sensationalize,323
majestically,323
contorted,323
dead-on,323
coerced,322
moxie,322
third-rate,322
sponsoring,322
stickiness,321
riffraff,321
military-style,321
salicylic,320
anasazi,320
unrealistically,320
remove,319
weigh-in,319
non-custodial,319
sublet,319
dispensing,318
bleary,318
handicapper,318
woodworker,318
unexploded,317
arrestee,317
neapolitan,317
sashay,317
faker,316
assimilated,316
iambic,316
refashion,315
authoritarian,315
minibar,315
cutesy,315
epidermal,314
checkmate,314
lapdog,314
electrophoresis,314
hillock,313
underreporting,313
anti-colonial,313
colosseum,313
pro-american,312
melange,312
inerrancy,312
five-story,311
most-watched,311
bootlegger,311
eukaryote,310
doubtfully,310
marquess,310
homoerotic,310
indifferently,309
hair-raising,309
melding,309
buxom,309
day-care,309
boney,308
welded,308
emaciate,308
high-power,308
iconoclast,307
adept,307
oft-repeated,307
postural,306
civilize,306
multi-level,306
statesmanship,306
lamely,305
bona-fide,305
fatness,305
neoprene,304
reverb,304
tersely,304
toke,304
hovering,303
muss,303
compaction,303
schlep,302
drifting,302
anaesthesia,302
well-paying,302
seaplane,302
south-facing,301
tater,301
clapper,301
dilettante,301
microsecond,300
rheumatic,300
much,300
four-foot,300
spangled,299
age-specific,299
ribbing,299
colorblind,299
sucky,298
malevolence,298
foghorn,298
touchpad,298
tenfold,297
birth-control,297
finial,297
best-looking,296
teensy,296
stillbirth,296
kickball,296
grandmama,295
six-time,295
disrobe,295
connective,294
muttering,294
well-fed,294
turbocharged,294
statuesque,293
benzodiazepine,293
cantonese,293
conjugate,293
disequilibrium,292
sanatorium,292
accessing,292
undesired,292
tootsie,291
halal,291
low,291
poised,291
nightie,290
objectivism,290
quadrennial,290
two-handed,290
harbour,289
anklet,289
acme,289
plastid,289
crankbait,288
tyrosine,288
rent-seeking,288
stamping,287
underplay,287
zz,287
mexican-american,287
debilitate,287
night-light,286
billionth,286
narcolepsy,286
gaff,286
energizer,285
adaption,285
backrest,285
bolus,285
conk,284
cravat,284
barometric,284
staccato,284
wunderkind,283
typecast,283
malarkey,283
rotting,283
percutaneous,283
extracted,282
nurturance,282
gerrymandering,282
lama,282
tussle,281
frenzy,281
theatergoer,281
ascendance,281
non-smoking,281
re-engage,281
schemer,280
blue-ribbon,280
arcsecond,280
less-expensive,280
transform,279
shirtwaist,279
meniscus,279
pix,279
satanism,279
depo,278
roomie,278
metalwork,278
larder,278
headlock,278
viscera,277
myeloid,277
one-off,277
disease-causing,277
poltergeist,276
old-world,276
go-getter,276
universalist,276
kaleidoscopic,276
frankincense,275
ingenue,275
pitiable,275
fahrenheit,275
rebounding,274
zooplankton,274
sherpa,274
trilobite,273
end-zone,273
shallowness,273
zip-top,273
estuarine,273
dickensian,272
mesoamerican,272
inhaled,272
well-appointed,272
inflexibility,271
ulcerative,271
magnanimity,271
creative,271
patella,271
powerboat,270
bestiality,270
accelerant,270
frumpy,270
send-up,269
underwhelmed,269
cheerio,269
pre-kindergarten,269
company-wide,268
mixed-up,268
hoop,268
encamp,268
hellenic,267
wheeler,267
punditry,267
chico,267
printmaker,267
potshot,266
avuncular,266
initialize,266
hashemite,266
reiteration,265
stetson,265
accrete,265
right-field,265
procrastinator,265
seafarer,264
microwave,264
belch,264
wailing,264
kept,264
foot-long,263
uncheck,263
yuletide,263
capital-gains,263
pooper,263
smokehouse,262
roadrunner,262
angora,262
hurdle,262
shortsightedness,262
four-lane,262
self-disclosure,261
adventuresome,261
columbine,261
denominate,261
snorkel,260
off-the-record,260
letter-writer,260
spooked,260
form-fitting,259
issuing,259
looped,259
constructionist,259
doff,259
commutation,259
random,258
otolaryngology,258
volcanism,258
idealist,258
soupy,258
high-priority,257
self-satisfaction,257
waterside,257
quadrangle,257
brushing,257
polypeptide,257
debonair,256
bookmaker,256
bebop,256
tee-shirt,256
tizzy,256
interventionism,255
aloofness,255
on-call,255
small-company,255
concessionaire,254
slapstick,254
paralegal,254
low-down,254
interscholastic,254
twelfth-century,253
telepathically,253
charism,253
circumspection,253
decomposed,253
excellently,252
cubed,252
long-overdue,252
tasmanian,252
trackpad,251
franchisor,251
bedeck,251
monocle,251
officialdom,251
scientism,251
echolocation,250
osmotic,250
westernization,250
higher-priced,250
stonework,249
typhoid,249
bare-chested,249
canner,249
feminine,249
deafen,248
butthole,248
overexposure,248
acidosis,248
infotainment,248
tracked,247
gainfully,247
shabbat,247
mozambican,247
personal,247
dawning,247
netherworld,246
courting,246
ghostwriter,246
sparky,246
fly-fishing,245
lux,245
clapping,245
bolivian,245
problemo,245
dark-eyed,244
no-load,244
back-and-forth,244
unfunny,244
topping,243
islamization,243
molybdenum,243
phosphorescent,243
reconstituted,243
felicity,242
bugle,242
ceramist,242
gigabit,242
elicitation,242
twenty-second,241
gyre,241
beignet,241
circumscribed,241
prescience,241
burnt-out,240
malformed,240
initiate,240
gallantly,240
gazpacho,239
hypotension,239
luminescence,239
ringmaster,239
botanical,239
poseur,238
reunify,238
mesothelioma,238
whacko,238
housemaid,238
treble,238
effete,237
shuddering,237
oldie,237
reconnection,237
pomposity,237
phonetically,236
originalist,236
adieu,236
four-poster,236
in-country,235
jollies,235
wine-making,235
casualness,235
blossoming,235
directionality,235
streetscape,234
riffle,234
non-immigrant,234
harangue,234
fundraise,234
elementary-school,233
seven-member,233
zodiacal,233
brinkmanship,233
conjunto,233
power-play,232
dreamland,232
anti-racist,232
guzzler,232
iff,232
transcribed,232
funhouse,231
signal-to-noise,231
creche,231
daybed,231
dilated,230
cryptically,230
wedgie,230
forkful,230
flexural,229
hoover,229
shut-in,229
cardiorespiratory,229
decongestant,229
stumped,228
miniaturize,228
zircon,228
voiced,228
hypoxic,228
tubulin,228
electioneering,227
igneous,227
abstinence-only,227
revamp,227
presumptively,227
polyphasic,226
recumbent,226
creditworthiness,226
banished,226
unconscionability,226
work-family,225
species-specific,225
testis,225
gold-medal,225
continence,225
rootless,225
small-town,225
demoralized,224
phosphatase,224
one-run,224
nacelle,224
venture-capital,224
trashed,224
fist,223
audiotape,223
omnipotent,223
duff,223
pentecostalism,223
pragmatics,222
crackers,222
bleakness,222
agglomeration,222
interspecies,222
kingly,222
irregular,221
luxuriously,221
paedophile,221
carpool,221
scalding,221
candy,220
bioethicist,220
glassed-in,220
imminently,220
high-five,220
funereal,219
thuggery,219
one-hit,219
dinnerware,219
feminization,219
entrenchment,218
booze,218
beefsteak,218
floozy,218
word-processing,217
spoilage,217
unveiled,217
anti-feminist,217
pyrrhic,217
church-going,217
rapture,217
patentee,217
neurodevelopmental,216
cost-conscious,216
insolation,216
supercar,216
flycatcher,215
mastitis,215
metallurgical,215
oleander,215
precedential,215
pastoralist,214
dimwit,214
queen-size,214
intersubjective,214
flummoxed,214
tiotropium,213
lacuna,213
much-maligned,213
antic,213
bratwurst,213
etruscan,213
pork-barrel,213
deerskin,212
posttreatment,212
anti-black,212
baller,212
y-axis,211
grandiosity,211
immunologist,211
lockean,211
neologism,211
feminazi,211
daintily,210
brown-skinned,210
ridiculed,210
unalloyed,210
flashing,210
highwayman,209
self-rated,209
norepinephrine,209
cotillion,209
dishonestly,209
concordant,208
east-central,208
macro-level,208
chasing,208
gravelly,208
triage,208
imperium,207
seven-foot,207
tensely,207
sisterly,207
photosphere,207
ethnology,207
demagogic,206
mid-1930s,206
obstetric,206
lose-lose,206
unripe,206
senior-level,206
xylitol,206
gangland,205
shape-shifting,205
chauffeur,205
ornithology,205
disembowel,205
point-of-sale,205
postsurgical,204
multi-story,204
intersex,204
ldc,204
keratin,204
titty,203
laboring,203
unpromising,203
birdseed,203
acoustically,203
eats,203
plumb,203
salary-cap,202
citrate,202
looking-glass,202
anticoagulation,202
well-regulated,202
infallibly,201
four-person,201
watercooler,201
ungreased,201
airfoil,201
retrospective,201
disbeliever,201
stringed,200
doleful,200
oxidized,200
animatedly,200
thiamine,200
elastomer,200
high-wire,199
fizzle,199
unexciting,199
articulatory,199
clouded,199
cherubic,199
drubbing,199
substantiation,199
excusable,198
botulinum,198
abashed,198
metatarsal,198
honey-colored,198
inaccessibility,198
speed-up,197
wherewith,197
teakettle,197
backed,197
carseat,197
corpsman,197
downsized,197
sockeye,197
detected,197
dovish,196
rhinoplasty,196
cartoony,196
thwack,196
tachycardia,196
elusiveness,195
hosiery,195
animating,195
shyster,195
crouched,195
subhead,195
prolongation,194
discrepant,194
business-friendly,194
papillomavirus,194
agoraphobia,194
pyro,194
university-based,194
stifled,194
kabob,193
spectatorship,193
intranasal,193
moonscape,193
bearcat,193
reseed,193
recommit,193
cone-shaped,192
esprit,192
climate-controlled,192
sideswipe,192
assertively,192
guaranty,192
emancipated,192
reproof,192
hand-lettered,191
meander,191
gluteus,191
oaken,191
provencal,191
plastered,190
re-created,190
neurobiological,190
arborist,190
unlearned,190
synecdoche,190
gam,189
ground-up,189
motorcycle,189
chooser,189
disability-related,189
polyphonic,189
extroverted,188
calabash,188
accommodationist,188
non-ideological,188
washingtonian,188
flunky,188
in-demand,187
windbag,187
interlink,187
atropine,187
marque,187
business-oriented,187
subsoil,187
pastured,186
prereferral,186
cud,186
racketeer,186
immunocompromised,186
wind-driven,186
healthily,186
tortoiseshell,185
wide-field,185
unasked,185
multivariable,185
all-sky,185
no-bid,185
snifter,185
deictic,184
re-offend,184
overfishing,184
amaryllis,184
interactively,184
foremost,184
high-crime,183
wheelchair-bound,183
imminence,183
mumbo-jumbo,183
overwork,183
blip,183
prussian,183
profligacy,182
broadsheet,182
gift-giving,182
bacteremia,182
launchpad,182
spaciousness,182
years-old,181
sensitization,181
thymus,181
chaperone,181
misspent,181
druthers,181
schmaltz,181
dexamethasone,180
rasa,180
bluntly,180
optimise,180
beamed,180
backstretch,180
vacillation,180
twenty-three-year-old,180
removed,179
eight-point,179
ingenuous,179
baby,179
man-woman,179
nucleon,179
bootstrapping,179
prog,179
delightedly,178
substructure,178
curmudgeonly,178
adjudge,178
beveled,178
show-stopping,178
whoopee,178
heatproof,177
self-medication,177
interlock,177
bitmap,177
ostentation,177
slithering,177
pedagogic,177
reactant,176
dray,176
chiaroscuro,176
age-adjusted,176
attainder,176
whispery,176
gameday,176
reproachful,175
self-motivated,175
third-highest,175
amine,175
argentinean,175
orientalist,175
exhaled,175
protectiveness,175
dehydrator,174
bridle,174
after-work,174
non-deductible,174
gunplay,174
flamboyance,174
kielbasa,174
fuckhead,173
vacated,173
movie-star,173
mummification,173
parabola,173
minuet,173
postmodernity,173
coniferous,173
epigenetics,172
crabapple,172
adulterate,172
guff,172
self-limiting,172
headspace,171
telekinesis,171
mesozoic,171
non-fictional,171
codger,171
episcopate,171
extroversion,171
command-line,171
preceptor,170
drippy,170
go-kart,170
nonmusical,170
metalworking,170
varnished,170
two-wheeled,170
increment,169
showboat,169
horsemanship,169
mallow,169
alphabetize,169
place-based,169
stromal,169
constabulary,168
reassertion,168
mid-to-late,168
magneto,168
honest-to-god,168
hypermedia,168
squirrelly,168
tracksuit,168
state-issued,167
sexual-harassment,167
homonym,167
approving,167
afrikaans,167
oligopoly,167
sun-bleached,167
company-owned,167
scorcher,166
examinee,166
caning,166
low-temperature,166
mosquito-borne,166
well-studied,166
seam,166
hellcat,165
hankering,165
inside-out,165
babysit,165
out-of-home,165
pinch-hitter,165
ewer,165
detail-oriented,165
feasibly,164
breezily,164
petard,164
coleus,164
bejesus,164
hollyhock,164
undemanding,164
hair-care,164
youthfulness,164
top-ranking,163
half-staff,163
unwatchable,163
bi-weekly,163
astrolabe,163
countable,163
rule-based,163
exchange-rate,163
discography,163
polyimide,163
prodigiously,162
carbon-dioxide,162
close-in,162
showboating,162
mook,162
intelligence-gathering,162
gearshift,162
embarkation,162
two-edged,162
starlike,161
sunburnt,161
inmost,161
nonrespondent,161
naptime,161
long-simmering,161
roundworm,161
re-register,161
polygynous,160
early-twentieth-century,160
rubberized,160
off-grid,160
cowling,160
babesiosis,160
intercessor,160
voluntariness,160
x-factor,160
remonstrate,159
foreign-exchange,159
windowed,159
tangibly,159
more-or-less,159
single-cell,159
pincushion,159
ester,159
perm,159
mini-lesson,158
love/hate,158
goulash,158
androgyny,158
unsinkable,158
hand-colored,158
spurge,158
twitching,157
fisted,157
sherd,157
uninviting,157
public-housing,157
major-label,157
cultish,157
experientially,157
deactivation,157
parley,156
ex-offender,156
child-free,156
owner-occupied,156
multitouch,156
cava,156
unbaked,156
syriac,156
treacle,156
witchy,155
whacking,155
racecourse,155
bantam,155
cloche,155
nightcrawler,155
soloing,155
commodious,155
dimming,154
philander,154
cummerbund,154
administrate,154
bald-faced,154
chart-topping,154
irredeemably,154
less-than-perfect,154
splint,154
hematite,154
full-length,153
guideway,153
unconfined,153
audiometric,153
maharajah,153
cross-sex,153
strider,153
droning,153
polygyny,152
sombre,152
carney,152
adored,152
belay,152
telekinetic,152
kumbaya,152
gratefulness,152
tippy,152
twentysomething,151
sweat-soaked,151
endolymphatic,151
illuminance,151
catfight,151
gluttonous,151
retrieved,151
bush,151
difference-maker,151
pony-tailed,151
pell-mell,150
facetiously,150
dobsonian,150
clinker,150
barrenness,150
illicitly,150
second-worst,150
spasmodic,150
high-top,149
free-thinking,149
vented,149
hokum,149
backpedal,149
glassblower,149
circled,149
bumper-to-bumper,149
dishrag,149
declassification,149
filmgoer,148
disinherit,148
nightshade,148
reveille,148
low-earth,148
back-room,148
therapeutically,148
virtuosic,148
stereotypic,148
kit,148
fucken,147
great-uncle,147
billion-plus,147
ampicillin,147
bedcover,147
silver,147
nubby,147
breaded,147
duomo,147
fetishistic,147
power-broker,146
subcultural,146
carabiner,146
open-and-shut,146
msec,146
backhand,146
not-so-distant,146
jewel-like,146
what-have-you,146
self-generated,146
fraternization,146
surround-sound,145
short-game,145
well-honed,145
unfavourable,145
non-overlapping,145
nasopharynx,145
oversupply,145
carbonaceous,145
dirigible,145
scorned,145
echocardiogram,144
doggone,144
colonial-era,144
consumer-driven,144
zag,144
note-taking,144
unreflective,144
fuzzies,144
klansman,144
indescribably,143
folkways,143
wheezing,143
intergenic,143
casanova,143
go-cart,143
pincers,143
entente,143
recalibration,143
derogation,143
prostration,142
expedience,142
miscast,142
overbite,142
beatable,142
taxidermy,142
unmercifully,142
seventh-round,142
stipple,142
kaddish,142
tweaker,141
self-image,141
well-nigh,141
terracing,141
radiating,141
manikin,141
covalent,141
distractibility,141
social-welfare,141
ebonics,141
sanctimony,141
perfidious,140
sub-human,140
no-cost,140
docility,140
pan-seared,140
made-to-order,140
b-side,140
horseplay,140
gunny,140
surimi,140
toucan,140
trackball,139
self-study,139
vigilantly,139
teleconferencing,139
channeler,139
nanostructure,139
gop-controlled,139
rippled,139
ropy,139
solute,139
pro-rated,139
programmatically,138
discipline-specific,138
cardinality,138
country-music,138
geordie,138
mobile-phone,138
intercessory,138
lameness,138
five-pointed,138
transoceanic,138
higher-than-average,137
self-direction,137
half-mast,137
vampirism,137
un-islamic,137
tam,137
pyrite,137
narrowing,137
corporeality,137
pharynx,137
excised,137
dago,137
driver's-side,136
nearsightedness,136
closeout,136
shredding,136
antimicrobial,136
hinky,136
left/right,136
grocery-store,136
sympathise,136
twelve-hour,136
fourth-seeded,135
flag-waving,135
lie-detector,135
noblewoman,135
amaretto,135
out-of-bound,135
clacking,135
missional,135
disassociation,135
prokaryote,135
dancing,134
reappointment,134
bounding,134
nymphomaniac,134
affectively,134
native-american,134
binaural,134
underperformance,134
well-advised,134
gaol,134
title-holder,134
killjoy,133
speeding,133
egg-laying,133
leftward,133
intersectional,133
motion-picture,133
mass-production,133
corkboard,133
blue,133
discomfiture,133
darter,133
performativity,132
drug-sniffing,132
bostonian,132
crawlspace,132
optimality,132
market-rate,132
biogenic,132
grabby,132
swashbuckle,132
turf,132
reproductively,131
fulminate,131
stalinist,131
ten-four,131
unimproved,131
merman,131
allopathic,131
rhetorician,131
nephropathy,131
streamside,131
playbill,131
scripting,130
postprandial,130
roll-call,130
cipher,130
agenda-setting,130
meddler,130
human-powered,130
tasseled,130
five-acre,130
wretchedly,130
twice-daily,129
splintering,129
weaponization,129
taoist,129
idiotically,129
megalopolis,129
signboard,129
oscillatory,129
retractor,129
necrophilia,129
pretest-posttest,129
fashion-forward,128
earth-moving,128
bookmobile,128
double-stranded,128
contretemps,128
attention-deficit,128
joinery,128
lariat,128
eightfold,128
kaolin,128
kleptocracy,127
symbolise,127
hospital-acquired,127
ceremonially,127
majority-minority,127
adagio,127
chicken-and-egg,127
rockabilly,127
soft-money,127
peanut-butter,127
decode,126
commentariat,126
reacquire,126
pickax,126
chieftaincy,126
afterbirth,126
bailiwick,126
quaternary,126
untranslated,126
wheezing,126
hatless,126
sweet-potato,126
fraktur,126
toadstool,125
hereto,125
speckle,125
wiggly,125
ungrammatical,125
radio-controlled,125
augury,125
magnetized,125
advisee,125
nuclear-free,125
browning,125
subcortical,125
sand-colored,125
conjuncture,124
recirculation,124
phytonutrient,124
chlorpyrifos,124
ludic,124
melaleuca,124
ultra-sensitive,124
text-only,124
government-mandated,124
ejaculate,124
year-earlier,124
titter,123
spread-eagled,123
stoical,123
lidded,123
integrationist,123
undrained,123
analyte,123
aetiology,123
cuatro,123
prehensile,123
patient-specific,123
debugging,122
stutterer,122
mezzo,122
cancer-related,122
codename,122
narcissus,122
nonverbally,122
unwaveringly,122
last-second,122
stadia,122
impiety,122
kidder,122
former,121
voluntarism,121
video-based,121
territorially,121
ultra-low,121
chapstick,121
battle-tested,121
cohosh,121
cuckold,121
bosun,121
preschool-age,121
password-protected,121
popover,121
prosecutable,120
plebeian,120
preprogrammed,120
bullshitter,120
pertinence,120
cowpea,120
one-hundredth,120
simian,120
ampersand,120
unfixed,120
sex-role,120
flexing,120
reproachfully,120
tongue,120
wonderingly,119
weak-kneed,119
teabag,119
nosocomial,119
puja,119
autoloader,119
globalizing,119
church-related,119
ruffed,119
dumbwaiter,119
plowshare,119
promiscuously,118
defibrillation,118
small-government,118
recordkeeping,118
cross-cut,118
codebase,118
genially,118
non-slip,118
intra-regional,118
vegetate,118
flounce,118
supply-sider,118
highchair,118
franco-prussian,117
sharpening,117
vice-principal,117
three-factor,117
bisphosphonate,117
adiponectin,117
counter-reformation,117
blue-haired,117
stop-gap,117
confessional,117
deciliter,117
snakehead,116
presentational,116
no-kill,116
old-guard,116
long-dormant,116
mistranslation,116
bibliophile,116
hypnotherapy,116
well-structured,116
free-spending,116
redial,116
titration,116
heart-attack,115
sport-fishing,115
stock-still,115
warmongering,115
thawing,115
isosceles,115
media-savvy,115
mouthpart,115
glass-fronted,115
coeliac,115
c-section,115
reader-response,115
street-corner,115
pointlessness,115
fine-boned,114
entropic,114
budget-friendly,114
blue-water,114
crumple,114
panfish,114
gobsmack,114
arsenate,114
messily,114
unsheathed,114
well-guarded,114
waterslide,114
semi-truck,114
indoor-outdoor,114
redefined,113
self-education,113
flat-topped,113
vietnamese-american,113
tidally,113
icehouse,113
cetacean,113
apolipoprotein,113
sixfold,113
contractile,113
culture-specific,113
newswire,113
slimeball,113
de-stress,113
scourge,112
etic,112
recession-proof,112
downsizing,112
chocolatier,112
sickroom,112
apoplexy,112
backed-up,112
not-guilty,112
innovativeness,112
voter-registration,112
eight-man,112
front-page,112
twinkly,112
refillable,111
seaway,111
greenbrier,111
horseless,111
unsystematic,111
underclothes,111
cave-like,111
bast,111
gloating,111
open-hearted,111
odorant,111
misandry,111
consolidator,111
scholasticism,111
polymorphous,110
smoothing,110
edelweiss,110
mirthless,110
resource-based,110
single-gender,110
man-sized,110
cellulitis,110
nonviolently,110
interpenetration,110
late-onset,110
gray-white,110
split-screen,110
reframing,110
heterogenous,109
ineluctably,109
frenetically,109
spymaster,109
weekender,109
valour,109
hydrocephalus,109
medevac,109
madrasa,109
alertly,109
okie,109
bullied,109
recounting,109
snake-oil,109
population-level,109
sculpin,108
parmigiana,108
prefatory,108
pinewood,108
clanking,108
allelic,108
anthracite,108
castanet,108
upcountry,108
whomsoever,108
emasculation,108
yes-man,108
turbolift,108
tole,107
galleria,107
grating,107
hireling,107
ivy-covered,107
meanly,107
sickened,107
college-going,107
rupiah,107
potholed,107
pedaling,107
dampened,107
pneumothorax,106
sumbitch,106
dismissed,106
millenarian,106
domestic-violence,106
chewable,106
client-centered,106
multiprocessor,106
ascertainment,106
non-practicing,106
immobilized,106
late-blooming,106
half-blind,106
foot-high,106
top-grossing,106
tuneless,105
relationally,105
grafted,105
hitching,105
jetsam,105
blackfish,105
mixed-effects,105
multi-user,105
clinking,105
once-a-week,105
cannily,105
middle-of-the-night,105
substantiated,105
patellofemoral,105
processional,104
degree-granting,104
stygian,104
rappel,104
downshift,104
cottonseed,104
cline,104
sirree,104
backlist,104
biopharmaceutical,104
jaywalker,104
tickler,104
laughing,104
haberdasher,104
shareholding,104
self-selection,104
supergiant,104
ketosis,104
work-at-home,103
eery,103
us-sponsored,103
teacher-led,103
thornless,103
non-school,103
altiplano,103
low-status,103
overmuch,103
run-scoring,103
nitpicky,103
extrasensory,103
partying,103
fast-acting,102
people-watching,102
smartness,102
recline,102
brigantine,102
cozily,102
clench,102
manhattanite,102
ceteris,102
three-hundred,102
wiggly,102
squawking,102
foot-dragging,102
syrah,102
tucker,101
spheroid,101
shiksa,101
tenderfoot,101
thirty-two-year-old,101
non-person,101
atlatl,101
skiwear,101
aerodynamically,101
obsessional,101
rummage,101
rainout,101
succotash,101
problematically,101
fat-soluble,101
congruity,100
realizable,100
micropayment,100
phase-in,100
offside,100
colliding,100
music-making,100
moonshiner,100
punctilious,100
jessamine,100
intellective,100
lancet,100
grisaille,100
seamanship,100
superstate,100
incommunicado,100
trudge,100
tubercular,99
frogman,99
foundering,99
sex-crazed,99
leftmost,99
husting,99
nonbiased,99
punch-card,99
male-oriented,99
skewered,99
overclocking,99
risk-adjusted,99
russian-american,99
bola,99
power-sharing,99
per-person,99
fifty-year,98
plum-colored,98
snorkeler,98
potentiation,98
bounteous,98
dosa,98
crabber,98
pagination,98
naff,98
anti-hiv,98
better-quality,98
hypercompetitive,98
hoo-ah,98
gracilis,98
spay,98
industry-funded,98
heeler,97
spangle,97
serious-minded,97
taping,97
untranslatable,97
jiu-jitsu,97
chaff,97
aphrodisiac,97
all-over,97
choirmaster,97
butted,97
burrowing,97
exfoliator,97
evasiveness,97
popped,97
faro,96
delish,96
community-college,96
extrication,96
nettlesome,96
dorsum,96
cryopreservation,96
ojibway,96
absorbent,96
manfully,96
maze-like,96
unframed,96
intaglio,96
guyanese,96
stalking,96
frilled,96
transmissibility,96
two-stroke,95
indentor,95
soul-crushing,95
wander,95
lawbreaking,95
idiosyncracy,95
bingeing,95
master-planned,95
side-dish,95
administering,95
nuclear-power,95
downhiller,95
navaho,95
streusel,95
concensus,95
propylene,95
farm-fresh,94
consensually,94
eclipsing,94
busing,94
personal-injury,94
chintzy,94
corroborative,94
ginning,94
nailed,94
zither,94
undernutrition,94
thermophilic,94
liberal-minded,94
electric-car,94
sphericity,94
remodeler,94
keratinocyte,94
kneepad,93
southern-style,93
eight-time,93
watersport,93
tastebud,93
interoffice,93
biopsy,93
aw-shucks,93
myoelectric,93
co-researcher,93
crackling,93
nine-year-old,93
dropping,93
soldierly,93
depressurize,93
scrubbed,92
slashing,92
presentiment,92
doggedness,92
clarified,92
coalfield,92
ah-hah,92
arthralgia,92
puffery,92
hypogonadism,92
instinctually,92
laboratory-confirmed,92
harrow,92
second-home,92
squeaking,92
renderer,92
high-mileage,92
translocate,91
symbolization,91
sepia-toned,91
hard-copy,91
huggy,91
unrewarded,91
noncom,91
axel,91
mycologist,91
coffee-colored,91
reshuffling,91
dreadlocked,91
blood-spattered,91
stupefied,91
social-ecological,91
denatured,91
dazzler,90
particularist,90
easy-to-make,90
dramaturgy,90
oligodendrocyte,90
otolaryngologic,90
age-matched,90
manumission,90
channeled,90
non-story,90
jamesian,90
honoring,90
ventilatory,90
shock-absorbing,90
squelching,90
supermom,90
toff,90
headstart,90
health-promoting,89
sunchoke,89
stimulatory,89
harissa,89
layabout,89
tie-down,89
underbar,89
race-baiting,89
monstrance,89
muncher,89
sigmoidoscopy,89
okinawan,89
carbon-neutral,89
brush-off,89
raptly,89
earned-run,89
smeary,89
devourer,89
fertiliser,89
denial-of-service,88
subtopic,88
bluejay,88
ribboned,88
city-dweller,88
above-normal,88
alehouse,88
anoxia,88
putrefy,88
unhealed,88
interprofessional,88
haply,88
self-transformation,88
fogy,88
imponderable,88
two-channel,88
toxic-waste,87
general-election,87
spasmodically,87
eight-story,87
gulley,87
life-force,87
whacked-out,87
immunosorbent,87
benefit-cost,87
melodically,87
motorman,87
multipart,87
oysterman,87
cross-examination,87
pitter-patter,87
bugbear,87
styled,87
essay,87
deontological,87
satrap,86
plugged,86
ever-higher,86
dystopic,86
receipt,86
rockslide,86
pervading,86
revolving-door,86
overtreatment,86
six-footer,86
mycobacteria,86
cationic,86
illogically,86
tax-supported,86
whiz-bang,86
hand-wringing,86
stay-at-home,86
surface-to-surface,86
yelling,86
two-block,86
incommunicado,85
forewarning,85
endogamous,85
weak-willed,85
huffing,85
image-processing,85
ragamuffin,85
zipped,85
locavore,85
co-curricular,85
chomp,85
downforce,85
neodymium,85
ecophysiological,85
parthenogenesis,85
sealable,85
deviousness,84
storytelling,84
pre-crisis,84
nine-week,84
carob,84
obliviously,84
coevolutionary,84
muzak,84
back-in,84
unconcern,84
unresponsiveness,84
terrorized,84
license-plate,84
self-focused,84
fratricidal,84
trailblaze,84
troopship,83
tony-winning,83
sunday-school,83
fired-up,83
self-ownership,83
war-making,83
tender-hearted,83
thudding,83
nonnarrative,83
caudate,83
barberry,83
ague,83
paper-making,83
on-ice,83
campion,83
bricolage,83
bloggy,83
suck-up,83
pectoralis,83
pro-british,83
fashion-conscious,82
plasmacytoma,82
stop-and-frisk,82
blue-sky,82
brashly,82
role-model,82
off-axis,82
open-world,82
albinism,82
beery,82
zig-zag,82
unblinkingly,82
ticked,82
homogeneously,82
weak-minded,82
seven-night,82
enduringly,82
spiralling,82
indexer,82
twelve-step,82
knowingness,81
suspicious-looking,81
seat-of-the-pants,81
self-gratification,81
variegation,81
tarred,81
unreturned,81
undrinkable,81
non-motorized,81
anger-management,81
asana,81
sipper,81
outthink,81
on-target,81
microwavable,81
neocortical,81
duelist,81
falling-down,81
commensurately,81
dashiki,81
fine-scale,81
dateless,80
plenipotentiary,80
sniveling,80
stripping,80
disgorgement,80
dollarization,80
cozy,80
oafish,80
outlined,80
siltation,80
loftily,80
mustached,80
zoster,80
unbundled,80
hypomania,80
language-based,80
hair-pulling,80
emplace,80
spilling,80
general-interest,80
tipple,80
trophoblast,79
worrywart,79
gallerist,79
still-warm,79
grayling,79
vandalized,79
lawyer-client,79
interleave,79
iranian-american,79
caucus-goer,79
moulding,79
bean-curd,79
low-priority,79
claw-like,79
cross-checked,79
double-checking,79
booby-trap,79
ectoplasm,79
eyeblink,79
euthyroid,79
politically-motivated,79
fifth-ranked,79
politesse,78
deferral,78
stroking,78
dicker,78
burble,78
docked,78
carping,78
rhymed,78
contrast-enhanced,78
co-discoverer,78
abstinent,78
macrophyte,78
anesthetized,78
quasiparticle,78
best-tasting,78
investment-banking,78
information-seeking,78
leanness,78
hatched,78
empty-headed,78
fireproof,78
free-tailed,78
yellow-eyed,78
tomographic,78
two-second,78
tin-glazed,77
foreign-made,77
sparseness,77
grumpiness,77
lilliputian,77
kundalini,77
tilled,77
underqualified,77
catabolism,77
matcha,77
american-arab,77
mamluk,77
six-letter,77
co-parenting,77
on-chip,77
pitying,77
microsite,77
disfavored,77
extraterritoriality,77
pederast,77
debility,77
schlocky,76
polytheist,76
pastorate,76
sneering,76
drover,76
mineworker,76
credit-rating,76
paediatrics,76
open-angle,76
magus,76
anti-police,76
meditatively,76
undervaluation,76
jellied,76
take-back,76
leary,76
half-decent,76
self-financing,76
four-bar,76
wolf-like,76
high-bandwidth,76
hexameter,75
yellow-brown,75
freehand,75
elute,75
hamartoma,75
wetware,75
three-hit,75
johnboat,75
pummeled,75
metastable,75
ankle-foot,75
ashanti,75
love-struck,75
contrariwise,75
cleaned-up,75
petiole,75
mirthful,75
bottom-feeding,75
power-mad,75
factotum,75
determinable,75
fencepost,75
cytosine,74
destructor,74
sleepy-eyed,74
eye-rolling,74
rat-infested,74
brickbat,74
down-filled,74
riotously,74
cloth-covered,74
global-scale,74
lockjaw,74
manichaean,74
motor-driven,74
biophysicist,74
hustling,74
inoculant,74
whump,74
seven-year-old,74
flea-market,74
surpassing,74
inconsolably,74
hidey-hole,74
toile,73
reprieve,73
fully-fledged,73
energy-dense,73
hasp,73
winner-take-all,73
interactionist,73
unsettlingly,73
binoc,73
audio-video,73
bargainer,73
much-admired,73
all-nba,73
one-issue,73
off-shoring,73
phosphatidylserine,73
ditz,73
red-robed,73
summarized,73
smokiness,73
peds,73
damnably,73
fillip,72
prudery,72
derivational,72
family-related,72
edutainment,72
mezzanine,72
photodetector,72
obsolescent,72
osteopath,72
good-guy,72
longest-lasting,72
muddler,72
anti-religion,72
cheep,72
job-creation,72
thready,72
lamarckian,72
waspy,72
eeriness,72
space-saving,72
reimportation,72
knuckleballer,72
tricuspid,71
tolling,71
infinitude,71
formic,71
flow-through,71
gynaecologist,71
leaseholder,71
three-quarter,71
unaligned,71
better-informed,71
quintuple,71
mouseketeer,71
myelination,71
air-bone,71
one-twentieth,71
parameterization,71
creditability,71
docosahexaenoic,71
body-fat,71
expungement,71
estate-planning,71
plasticizer,71
primogeniture,71
saw-toothed,70
darkish,70
conclusory,70
stress-management,70
dieldrin,70
burnet,70
sacrality,70
ribavirin,70
closed-cell,70
adjudicatory,70
majolica,70
anti-family,70
quarantined,70
nonmetropolitan,70
idiographic,70
technics,70
liquidated,70
greediness,70
fixator,70
sung,70
toneless,70
heideggerian,69
transtheoretical,69
xylem,69
flam,69
gray-bearded,69
hawk-like,69
lipsticked,69
tanzanian,69
hypervigilance,69
jackfruit,69
non-normal,69
quickened,69
answerer,69
main-sequence,69
gessoed,69
co-option,69
ciliary,69
phlebotomy,69
divinatory,69
rastafarian,69
falsifiability,69
computer-savvy,69
desireable,69
deep-down,69
female-to-male,69
playact,68
smart-aleck,68
earth-orbiting,68
microhabitat,68
dissention,68
philosophizing,68
oink,68
coprocessor,68
coccus,68
actualized,68
artificial-intelligence,68
monomaniacal,68
raga,68
bestir,68
jerking,68
humeral,68
innovatively,68
horsemeat,68
whole-house,68
sexual-abuse,68
self-mastery,68
stoat,68
t-value,68
keen-eyed,68
two-acre,68
kopeck,67
in-dash,67
sorrowing,67
stare-down,67
group-oriented,67
weapons-related,67
well-matched,67
insect-like,67
unpresidential,67
black-robed,67
mealy-mouthed,67
multi-stage,67
agonistic,67
co-occurring,67
classic-rock,67
riprap,67
campus-based,67
newshound,67
stupefying,67
envied,67
pedicab,67
pocketable,67
sapsucker,67
decomposer,66
profit-oriented,66
post-partisan,66
conspecific,66
pre-dinner,66
razzle-dazzle,66
micronesian,66
dissolvable,66
crassness,66
orthoses,66
single-dose,66
lopper,66
multi-player,66
mouldy,66
queenly,66
non-tenured,66
unshaved,66
tax-cutting,66
lightheartedly,66
grandiloquent,66
sorption,66
sponge-like,66
inflating,66
tridentine,66
tinkering,65
inexpressive,65
sprawled,65
stick-figure,65
gynaecology,65
variational,65
hot-weather,65
imaginal,65
uncongenial,65
rabbinate,65
moussaka,65
madrassah,65
albopictu,65
giveback,65
pan-islamic,65
creaking,65
salish,65
braless,65
raggy,65
eyewall,65
perchlorate,65
porkpie,65
saracen,64
politico-economic,64
peri,64
summoner,64
pre-cut,64
recirculating,64
bupropion,64
calibrator,64
reviving,64
cording,64
abstractionist,64
low-powered,64
mandrake,64
moldovan,64
attended,64
bestride,64
ufologist,64
thirty-fourth,64
hotel-room,64
venturing,64
growler,64
secretively,64
fluorescently,64
sunni-shiite,64
refused,64
health-club,64
tuberose,63
importune,63
symbionese,63
fluorosis,63
shafted,63
head-butt,63
lemon-lime,63
winking,63
tetra,63
time-wasting,63
iodized,63
nomadism,63
cenozoic,63
meteoroid,63
balderdash,63
assault-style,63
adrenergic,63
cordgrass,63
curtsey,63
cackling,63
bronchoscopy,63
bone-crushing,63
differentiable,63
fair-sized,63
ethnomusicology,63
player-coach,63
customer-centric,63
scandal-ridden,63
plundered,62
commutative,62
subject-verb,62
postmistress,62
disjunct,62
needle-nose,62
drearily,62
pietism,62
chromatographic,62
outgrown,62
a-lister,62
all-ages,62
bap,62
money-wise,62
race-day,62
big-bellied,62
unfalsifiable,62
immune-mediated,62
thrumming,62
tech-heavy,62
liveaboard,62
volcanically,62
endovascular,62
soul-destroying,62
game-breaking,62
just-picked,62
tremulously,61
top-secret,61
surah,61
fire-roasted,61
step-down,61
grousing,61
waste-disposal,61
well-coiffed,61
home-shopping,61
human-readable,61
untempered,61
non-involvement,61
puce,61
androgenic,61
namby-pamby,61
goading,61
cloth-bound,61
clean-lined,61
pinniped,61
rockabilly,61
microfossil,61
dispatchable,61
dual-income,61
small-diameter,61
dewdrop,61
portcullis,61
scintigraphy,61
post-exercise,60
congee,60
pre-sale,60
disinterestedness,60
bowrider,60
routinized,60
car-based,60
cross-channel,60
overcompensation,60
coexisting,60
skilfully,60
agent-based,60
mariposa,60
anti-pollution,60
more-expensive,60
checkable,60
non-certified,60
unvisited,60
threshhold,60
west-side,60
handbell,60
sessile,60
five-eight,60
spectroscope,60
indent,60
topographically,60
herbalism,59
titrate,59
sun-browned,59
fondling,59
fish-oil,59
emissary,59
walk-through,59
liberal-democratic,59
temperature-sensitive,59
humic,59
irremediably,59
bengali,59
meninges,59
anti-racism,59
marihuana,59
alpinist,59
climatically,59
oft-told,59
phone-in,59
roped,59
middle-ground,59
boulder-strewn,59
ragtop,59
fan-like,59
ethologist,59
denervation,59
deathblow,59
ferrule,59
proteoglycan,58
dehumanized,58
enuresis,58
extruder,58
preeminent,58
nisei,58
dowser,58
canvasback,58
crimson,58
obeah,58
orthostatic,58
six-foot-two,58
loitering,58
low-gi,58
mummify,58
castrato,58
nonsupportive,58
unpremeditated,58
three-drug,58
hissy,58
laced,58
hagiographical,58
shipmaster,58
eight-and-a-half,58
food-handling,58
supportiveness,58
indecorous,58
topicality,58
hidden-camera,58
hexafluoride,57
regrouping,57
full-body,57
suzerainty,57
folk-art,57
semi-solid,57
sheep-like,57
veld,57
horniness,57
this-worldly,57
unreel,57
unharvested,57
biorhythm,57
medical-device,57
mochi,57
arborvitae,57
altazimuth,57
cloze,57
paraglide,57
rightfield,57
cannabinoid,57
sambal,57
red-cockaded,57
pre-interview,57
executive-level,57
stronger-than-expected,57
conn,57
pronation,57
saunter,56
davidic,56
played-out,56
erosional,56
subfamily,56
early-19th-century,56
pressure-cooker,56
blueblood,56
ruddy-faced,56
pixelation,56
once-a-month,56
overgraze,56
skitter,56
glottis,56
lutefisk,56
battlecruiser,56
metanoia,56
quarter-size,56
nose-to-nose,56
unpatched,56
thrombolytic,56
tattler,56
wholistic,56
liberal-conservative,56
hammerlock,56
shim,56
self-produced,56
end-of-life,56
fortune-telling,56
surpassingly,56
trash-strewn,56
trollish,55
reinvestigate,55
fuss-free,55
springwater,55
stain-resistant,55
eicosapentaenoic,55
shoreward,55
veiling,55
well-nourished,55
immodestly,55
jewish-arab,55
bewilderingly,55
pugnacity,55
antidiabetic,55
bartered,55
lusterless,55
shrillness,55
coatroom,55
contaminating,55
chloramphenicol,55
cross-case,55
draft-day,55
near-freezing,55
disaster-relief,55
subversively,55
pelota,55
cyanobacterial,55
fierce-looking,54
principalship,54
developable,54
computer-enhanced,54
subverted,54
dry-goods,54
rebroadcast,54
border-crossing,54
roll-top,54
cardiometabolic,54
pigeon-toed,54
cleanness,54
osteoarthritic,54
gleanings,54
sideswipe,54
altering,54
macarena,54
manis,54
anti-narcotics,54
medium-term,54
cha-cha-cha,54
black-skinned,54
hyperbolically,54
hormesis,54
welcome-home,54
whorish,54
uttering,54
sheepshead,54
sensitized,54
free-style,54
sunyata,54
transocean,54
high-order,54
hierarchic,53
torero,53
indian-controlled,53
gas-giant,53
flower-filled,53
stern-faced,53
graspable,53
waterproof,53
haloperidol,53
verifiability,53
telluric,53
third-century,53
irishness,53
big-breasted,53
championship-caliber,53
zillionaire,53
mullion,53
market-share,53
all-cash,53
clucking,53
consumer-directed,53
clamoring,53
cross-shaped,53
butcher-block,53
double-overtime,53
mini-tour,53
neurone,53
pre-independence,53
early-evening,53
social-scientific,53
pedipalp,53
depositary,53
dazzled,53
fellate,53
field-dependent,52
decongestant,52
densification,52
eventide,52
society-wide,52
easy-care,52
nice-guy,52
rock-like,52
carib,52
crowding,52
odoriferous,52
choc,52
outspokenly,52
cohabitate,52
six-foot-four,52
lowest-income,52
medius,52
pulchritude,52
biryani,52
unmatchable,52
internationalisation,52
hot-pepper,52
lissome,52
vitruvian,52
serried,52
seductiveness,52
spotlit,52
full-color,52
kora,52
hijra,52
trine,51
kid-size,51
fuehrer,51
swazi,51
freakshow,51
fleshless,51
self-chosen,51
shellacked,51
letterform,51
testator,51
tilting,51
unredeemable,51
underlining,51
chapman,51
anti-european,51
bandpass,51
gold-rush,51
adventism,51
outboard,51
overcommit,51
chuckling,51
retouch,51
calabrian,51
distractible,51
miles-long,51
near-normal,51
rasher,51
presupposed,51
expostulate,51
complicitous,51
pneumonic,51
declamatory,51
final-status,51
scopolamine,50
deuteron,50
peplum,50
slobbery,50
subnormal,50
presumptuously,50
bone-density,50
middle-of-the-pack,50
rustproof,50
cryostat,50
cholesterol-free,50
cordial,50
accentuated,50
alphabetized,50
maguey,50
music-industry,50
metacarpal,50
certifier,50
non-amish,50
unbelted,50
thirty-nine-year-old,50
tamely,50
wine-dark,50
haplessly,50
sexually-transmitted,50
state-operated,50
friendly-fire,50
gamine,50
industrial-sized,50
two-strike,50
heterogeneously,49
kitchen-table,49
switchable,49
four-to-one,49
endocytosis,49
gravid,49
walla,49
kulak,49
tax-related,49
interurban,49
ilium,49
underlayer,49
centralist,49
metal-poor,49
battle-axe,49
lustfully,49
long-faced,49
giant-sized,49
cholecystitis,49
olmec,49
cruet,49
bustline,49
bunkum,49
red-carpeted,49
disembarkation,49
dysfunctionality,49
sulphurous,49
evil-looking,49
demagogy,49
price-conscious,49
screwworm,48
plasticine,48
perambulation,48
slippered,48
sneeringly,48
dual,48
nepotistic,48
brusqueness,48
dissimulate,48
same-size,48
croton,48
observationally,48
cognitional,48
adipocyte,48
lorazepam,48
ball-bearing,48
anti-evolution,48
pure-white,48
nonexperimental,48
unexcavated,48
unruliness,48
intersexual,48
howto,48
wine-tasting,48
lighter-than-air,48
guestbook,48
securing,48
freeze-thaw,48
superpose,48
trustingly,48
highlife,47
remanufacture,47
super-earth,47
freeze-up,47
endcap,47
half-block,47
lizard-like,47
late-19th,47
home-delivered,47
thrice-weekly,47
upwelling,47
ungloved,47
nondramatic,47
bafflingly,47
more-advanced,47
majority-owned,47
lumpish,47
six-item,47
gilding,47
orisha,47
retroactivity,47
pictish,47
rust-red,47
misplacement,47
bottled-up,47
disposability,47
expressionlessly,47
solar-heated,47
pass-fail,47
dendrochronology,47
pro-black,47
fastback,47
schlong,46
democratizer,46
ever-tightening,46
stuccoed,46
early-summer,46
dispensationalism,46
boarding-school,46
dorsally,46
petrous,46
piggish,46
chromoly,46
out-of-favor,46
abstractness,46
shrike,46
macroevolution,46
bazar,46
more-recent,46
anti-whaling,46
baby-food,46
catechize,46
uncurtained,46
unzipped,46
three-stroke,46
team-teaching,46
well-turned,46
vengefulness,46
gurdwara,46
semipermeable,46
seatwork,46
still-active,46
forty-four-year-old,46
swooning,46
witch-hunt,46
judge-made,46
hemmed,45
kanamycin,45
renegotiated,45
sunporch,45
spiritism,45
star-formation,45
foam-rubber,45
self-insure,45
handsy,45
visite,45
levitating,45
home-video,45
then-existing,45
unmusical,45
unreached,45
underuse,45
non-participant,45
chalcedonian,45
mercuric,45
moon-like,45
musculocutaneous,45
low-wattage,45
alienness,45
glass-front,45
cliff-top,45
oxygenate,45
right-brained,45
pg-rated,45
dozing,45
neutropenia,45
presider,45
street-legal,45
environment-friendly,45
plushy,45
data-storage,45
fermionic,44
darkling,44
popemobile,44
compulsiveness,44
epiphytic,44
summiteer,44
easy-access,44
re-employ,44
body-weight,44
mid-1880s,44
ditsy,44
calculatedly,44
rivalrous,44
offensive-minded,44
coumarin,44
coalmine,44
six-team,44
airworthiness,44
low-caste,44
barnburner,44
menshevik,44
cell-to-cell,44
black-capped,44
unembellished,44
ill-concealed,44
intellection,44
tauntingly,44
waspish,44
shortgrass,44
stalemated,44
foolery,44
gagging,44
youthful-looking,44
kittenish,44
heptachlor,44
two-hundred-year-old,43
reiterated,43
imprudence,43
spindrift,43
flaxen-haired,43
self-generating,43
grasslike,43
videocam,43
honey-roasted,43
timber-frame,43
hybridoma,43
irredentism,43
birding,43
non-poisonous,43
mealworm,43
anti-bias,43
bed-ridden,43
munching,43
godself,43
co-wife,43
oxygenating,43
obsequiously,43
reseat,43
capoeira,43
down-to-the-wire,43
brevet,43
neuroanatomy,43
pression,43
sumptuary,43
entablature,43
polyploid,43
daydreamer,43
scrutinized,43
scoreline,42
deweyan,42
portrayed,42
consolingly,42
sulphide,42
diatomic,42
nigiri,42
bundling,42
cage-like,42
chukchi,42
oldness,42
osteonecrosis,42
skimming,42
skald,42
lymphatic,42
mantlepiece,42
beckoning,42
amassed,42
assisted-suicide,42
carry-over,42
no-place,42
janus-faced,42
idiot-proof,42
interatomic,42
horizontality,42
white-noise,42
vending-machine,42
hand-crank,42
